Nome;Set;Numero;Idioma;Cond;Qtd;Ikenson_unit_BRL;Ikenson_total_BRL;Liga_unit_BRL;Liga_total_BRL;Ikenson_vs_Liga_%;Liga_URL
Baron Nashor (Alternate Art);UNL;147A/219;EN;NM - Quase nova;5;179,00;895,00;180,00;900,00;-0,56;https://www.ligariftbound.com.br/?card=Baron+Nashor+%28Alternate+Art%29+%28147A%29&ed=UNL&num=147A&view=cards%2Fcard
Baron Nashor;UNL;147/219;EN;NM - Quase nova;5;129,00;645,00;129,90;649,50;-0,69;https://www.ligariftbound.com.br/?card=Baron+Nashor+%28147%29&ed=UNL&num=147&view=cards%2Fcard
Vilemaw;UNL;060/219;EN;NM - Quase nova;4;155,00;620,00;169,90;679,60;-8,77;https://www.ligariftbound.com.br/?card=Vilemaw+%2860%29&ed=UNL&num=60&view=cards%2Fcard
Rengar - Trophy Hunter (Alternate Art);UNL;120A/219;EN;NM - Quase nova;4;149,00;596,00;204,89;819,56;-27,28;https://www.ligariftbound.com.br/?card=Rengar+-+Trophy+Hunter+%28Alternate+Art%29+%28120A%29&ed=UNL&num=120A&view=cards%2Fcard
Elder Dragon (Alternate Art);UNL;118A/219;EN;NM - Quase nova;4;149,00;596,00;199,94;799,76;-25,48;https://www.ligariftbound.com.br/?card=Elder+Dragon+%28Alternate+Art%29+%28118A%29&ed=UNL&num=118A&view=cards%2Fcard
Mirror Image;UNL;200/219;EN;NM - Quase nova;8;69,00;552,00;89,89;719,12;-23,24;https://www.ligariftbound.com.br/?card=Mirror+Image+%28200%29&ed=UNL&num=200&view=cards%2Fcard
Moonfall;UNL;198/219;EN;NM - Quase nova;4;135,00;540,00;189,95;759,80;-28,93;https://www.ligariftbound.com.br/?card=Moonfall+%28198%29&ed=UNL&num=198&view=cards%2Fcard
Baited Hook;OGN;242/298;EN;NM - Quase nova;2;239,00;478,00;284,95;569,90;-16,13;https://www.ligariftbound.com.br/?card=Baited+Hook+%28242%29&ed=OGN&num=242&view=cards%2Fcard
Time Warp;OGN;122/298;EN;NM - Quase nova;2;239,00;478,00;248,50;497,00;-3,82;https://www.ligariftbound.com.br/?card=Time+Warp+%28122%29&ed=OGN&num=122&view=cards%2Fcard
Elder Dragon;UNL;118/219;EN;NM - Quase nova;4;119,00;476,00;159,95;639,80;-25,60;https://www.ligariftbound.com.br/?card=Elder+Dragon+%28118%29&ed=UNL&num=118&view=cards%2Fcard
Sett - Brawler;OGN;164/298;EN;NM - Quase nova;3;149,00;447,00;109,75;329,25;35,76;https://www.ligariftbound.com.br/?card=Sett+-+Brawler+%28164%29&ed=OGN&num=164&view=cards%2Fcard
Seal of Focus;OGN;081/298;EN;NM - Quase nova;6;73,00;438,00;97,25;583,50;-24,94;https://www.ligariftbound.com.br/?card=Seal+of+Focus+%2881%29&ed=OGN&num=81&view=cards%2Fcard
Thrill of the Hunt;UNL;184/219;EN;NM - Quase nova;8;49,00;392,00;94,95;759,60;-48,39;https://www.ligariftbound.com.br/?card=Thrill+of+the+Hunt+%28184%29&ed=UNL&num=184&view=cards%2Fcard
Vilemaw (Alternate Art);UNL;060A/219;EN;NM - Quase nova;2;169,00;338,00;179,00;358,00;-5,59;https://www.ligariftbound.com.br/?card=Vilemaw+%28Alternate+Art%29+%2860A%29&ed=UNL&num=60A&view=cards%2Fcard
Irelia - Fervent (Alternate Art);SFD;057A/221;EN;NM - Quase nova;2;159,00;318,00;110,00;220,00;44,55;https://www.ligariftbound.com.br/?card=Irelia+-+Fervent+%28Alternate+Art%29+%2857A%29&ed=SFD&num=57A&view=cards%2Fcard
Sett - Brawler (Alternate Art);OGN;164A/298;EN;NM - Quase nova;2;159,00;318,00;159,95;319,90;-0,59;https://www.ligariftbound.com.br/?card=Sett+-+Brawler+%28Alternate+Art%29+%28164A%29&ed=OGN&num=164A&view=cards%2Fcard
Ezreal - Prodigy (Alternate Art);SFD;149A/221;EN;NM - Quase nova;2;145,00;290,00;139,75;279,50;3,76;https://www.ligariftbound.com.br/?card=Ezreal+-+Prodigy+%28Alternate+Art%29+%28149A%29&ed=SFD&num=149A&view=cards%2Fcard
Vi - Peacekeeper (Alternate Art);UNL;176A/219;EN;NM - Quase nova;3;95,00;285,00;94,95;284,85;0,05;https://www.ligariftbound.com.br/?card=Vi+-+Peacekeeper+%28Alternate+Art%29+%28176A%29&ed=UNL&num=176A&view=cards%2Fcard
Immortal Phoenix;OGN;037/298;EN;NM - Quase nova;3;89,00;267,00;66,94;200,82;32,95;https://www.ligariftbound.com.br/?card=Immortal+Phoenix+%2837%29&ed=OGN&num=37&view=cards%2Fcard
Seal of Unity;OGN;245/298;EN;NM - Quase nova;2;130,00;260,00;152,91;305,82;-14,98;https://www.ligariftbound.com.br/?card=Seal+of+Unity+%28245%29&ed=OGN&num=245&view=cards%2Fcard
Arise!;SFD;198/221;EN;NM - Quase nova;2;129,00;258,00;119,95;239,90;7,54;https://www.ligariftbound.com.br/?card=Arise%21+%28198%29&ed=SFD&num=198&view=cards%2Fcard
Pyke - Dockside Butcher;UNL;028/219;EN;NM - Quase nova;3;83,00;249,00;93,49;280,47;-11,22;https://www.ligariftbound.com.br/?card=Pyke+-+Dockside+Butcher+%2828%29&ed=UNL&num=28&view=cards%2Fcard
Order Rune;UNL;R06A;EN;NM - Quase nova;7;35,00;245,00;40,00;280,00;-12,50;https://www.ligariftbound.com.br/?card=Order+Rune+%28Alternate+Art%29+%28R06a%29&ed=UNL&num=R06A&view=cards%2Fcard
Thousand-Tailed Watcher;OGN;116/298;EN;NM - Quase nova;2;119,00;238,00;124,95;249,90;-4,76;https://www.ligariftbound.com.br/?card=Thousand-Tailed+Watcher+%28116%29&ed=OGN&num=116&view=cards%2Fcard
Rengar - Trophy Hunter;UNL;120/219;EN;NM - Quase nova;3;79,00;237,00;119,00;357,00;-33,61;https://www.ligariftbound.com.br/?card=Rengar+-+Trophy+Hunter+%28120%29&ed=UNL&num=120&view=cards%2Fcard
Mind Rune (Alternate Art);UNL;R03A;EN;NM - Quase nova;6;39,00;234,00;45,00;270,00;-13,33;https://www.ligariftbound.com.br/?card=Mind+Rune+%28Alternate+Art%29+%28R03a%29&ed=UNL&num=R03A&view=cards%2Fcard
Seal of Strength;OGN;163/298;EN;NM - Quase nova;3;77,00;231,00;90,00;270,00;-14,44;https://www.ligariftbound.com.br/?card=Seal+of+Strength+%28163%29&ed=OGN&num=163&view=cards%2Fcard
Chaos Rune;UNL;R05A;EN;NM - Quase nova;6;36,00;216,00;43,56;261,36;-17,36;https://www.ligariftbound.com.br/?card=Chaos+Rune+%28Alternate+Art%29+%28R05a%29&ed=UNL&num=R05A&view=cards%2Fcard
Calm Rune (Alternate Art);OGN;042A/298;EN;NM - Quase nova;6;35,00;210,00;24,88;149,28;40,68;https://www.ligariftbound.com.br/?card=Calm+Rune+%28Alternate+Art%29+%2842A%29&ed=OGN&num=42A&view=cards%2Fcard
Tideturner;OGN;199/298;EN;NM - Quase nova;6;35,00;210,00;43,95;263,70;-20,36;https://www.ligariftbound.com.br/?card=Tideturner+%28199%29&ed=OGN&num=199&view=cards%2Fcard
Deadbloom Predator;OGN;161/298;EN;NM - Quase nova;3;69,00;207,00;59,95;179,85;15,10;https://www.ligariftbound.com.br/?card=Deadbloom+Predator+%28161%29&ed=OGN&num=161&view=cards%2Fcard
Ezreal - Prodigy;SFD;149/221;EN;NM - Quase nova;2;99,00;198,00;120,00;240,00;-17,50;https://www.ligariftbound.com.br/?card=Ezreal+-+Prodigy+%28149%29&ed=SFD&num=149&view=cards%2Fcard
LeBlanc - Fragmented (Alternate Art);UNL;172A/219;EN;NM - Quase nova;4;49,00;196,00;33,95;135,80;44,33;https://www.ligariftbound.com.br/?card=LeBlanc+-+Fragmented+%28Alternate+Art%29+%28172A%29&ed=UNL&num=172A&view=cards%2Fcard
Mind Rune (Alternate Art);OGN;089A/298;EN;NM - Quase nova;5;39,00;195,00;35,00;175,00;11,43;https://www.ligariftbound.com.br/?card=Mind+Rune+%28Alternate+Art%29+%2889A%29&ed=OGN&num=89A&view=cards%2Fcard
Vi - Peacekeeper;UNL;176/219;EN;NM - Quase nova;5;37,00;185,00;45,99;229,95;-19,55;https://www.ligariftbound.com.br/?card=Vi+-+Peacekeeper+%28176%29&ed=UNL&num=176&view=cards%2Fcard
Vex - Apathetic;UNL;150/219;EN;NM - Quase nova;2;92,00;184,00;105,90;211,80;-13,13;https://www.ligariftbound.com.br/?card=Vex+-+Apathetic+%28150%29&ed=UNL&num=150&view=cards%2Fcard
Boneshiver;SFD;118/221;EN;NM - Quase nova;3;59,00;177,00;39,90;119,70;47,87;https://www.ligariftbound.com.br/?card=Boneshiver+%28118%29&ed=SFD&num=118&view=cards%2Fcard
Order Rune (Alternate Art);SFD;R06A;EN;NM - Quase nova;6;28,00;168,00;24,99;149,94;12,04;https://www.ligariftbound.com.br/?card=Order+Rune+%28Alternate+Art%29+%28R06A%29&ed=SFD&num=R06A&view=cards%2Fcard
Lilting Lullaby;UNL;190/219;EN;NM - Quase nova;7;24,00;168,00;28,95;202,65;-17,10;https://www.ligariftbound.com.br/?card=Lilting+Lullaby+%28190%29&ed=UNL&num=190&view=cards%2Fcard
Red Brambleback (Alternate Art);UNL;029A/219;EN;NM - Quase nova;3;55,00;165,00;49,94;149,82;10,13;https://www.ligariftbound.com.br/?card=Red+Brambleback+%28Alternate+Art%29+%2829A%29&ed=UNL&num=29A&view=cards%2Fcard
Body Rune (Alternate Art);OGN;126A/298;EN;NM - Quase nova;4;39,00;156,00;25,00;100,00;56,00;https://www.ligariftbound.com.br/?card=Body+Rune+%28Alternate+Art%29+%28126A%29&ed=OGN&num=126A&view=cards%2Fcard
Rift Herald;UNL;179/219;EN;NM - Quase nova;4;39,00;156,00;39,90;159,60;-2,26;https://www.ligariftbound.com.br/?card=Rift+Herald+%28179%29&ed=UNL&num=179&view=cards%2Fcard
Super Mega Death Rocket!;OGN;252/298;EN;NM - Quase nova;4;39,00;156,00;47,95;191,80;-18,67;https://www.ligariftbound.com.br/?card=Super+Mega+Death+Rocket%21+%28252%29&ed=OGN&num=252&view=cards%2Fcard
Poppy - Defender of the Meek (Alternate Art);UNL;178A/219;EN;NM - Quase nova;4;38,00;152,00;39,95;159,80;-4,88;https://www.ligariftbound.com.br/?card=Poppy+-+Defender+of+the+Meek+%28Alternate+Art%29+%28178A%29&ed=UNL&num=178A&view=cards%2Fcard
LeBlanc - Everywhere At Once (Alternate Art);UNL;090A/219;EN;NM - Quase nova;2;75,00;150,00;89,74;179,48;-16,43;https://www.ligariftbound.com.br/?card=LeBlanc+-+Everywhere+At+Once+%28Alternate+Art%29+%2890A%29&ed=UNL&num=90A&view=cards%2Fcard
Vex - Apathetic (Alternate Art);UNL;150A/219;EN;NM - Quase nova;1;149,00;149,00;169,95;169,95;-12,33;https://www.ligariftbound.com.br/?card=Vex+-+Apathetic+%28Alternate+Art%29+%28150A%29&ed=UNL&num=150A&view=cards%2Fcard
Guerilla Warfare;OGN;264/298;EN;NM - Quase nova;3;49,00;147,00;36,13;108,39;35,62;https://www.ligariftbound.com.br/?card=Guerilla+Warfare+%28264%29&ed=OGN&num=264&view=cards%2Fcard
Chaos Rune (Alternate Art);OGN;166A/298;EN;NM - Quase nova;3;49,00;147,00;32,06;96,18;52,84;https://www.ligariftbound.com.br/?card=Chaos+Rune+%28Alternate+Art%29+%28166A%29&ed=OGN&num=166A&view=cards%2Fcard
Fury Rune (Alternate Art);SFD;R01A;EN;NM - Quase nova;4;35,00;140,00;16,90;67,60;107,10;https://www.ligariftbound.com.br/?card=Fury+Rune+%28Alternate+Art%29+%28R01A%29&ed=SFD&num=R01A&view=cards%2Fcard
Fury Rune (Alternate Art);OGN;007A/298;EN;NM - Quase nova;3;42,00;126,00;20,00;60,00;110,00;https://www.ligariftbound.com.br/?card=Fury+Rune+%28Alternate+Art%29+%287A%29&ed=OGN&num=7A&view=cards%2Fcard
Calm Rune (Alternate Art);SFD;R02A;EN;NM - Quase nova;3;39,00;117,00;22,00;66,00;77,27;https://www.ligariftbound.com.br/?card=Calm+Rune+%28Alternate+Art%29+%28R02A%29&ed=SFD&num=R02A&view=cards%2Fcard
Sona - Harmonious;OGN;073/298;EN;NM - Quase nova;3;39,00;117,00;66,20;198,60;-41,09;https://www.ligariftbound.com.br/?card=Sona+-+Harmonious+%2873%29&ed=OGN&num=73&view=cards%2Fcard
Azir - Sovereign (Alternate Art);SFD;177A/221;EN;NM - Quase nova;4;29,00;116,00;29,98;119,92;-3,27;https://www.ligariftbound.com.br/?card=Azir+-+Sovereign+%28Alternate+Art%29+%28177A%29&ed=SFD&num=177A&view=cards%2Fcard
Zenith Blade;OGN;262/298;EN;NM - Quase nova;2;55,00;110,00;49,90;99,80;10,22;https://www.ligariftbound.com.br/?card=Zenith+Blade+%28262%29&ed=OGN&num=262&view=cards%2Fcard
Fox-Fire;OGN;256/298;EN;NM - Quase nova;3;35,00;105,00;33,50;100,50;4,48;https://www.ligariftbound.com.br/?card=Fox-Fire+%28256%29&ed=OGN&num=256&view=cards%2Fcard
Order Rune (Alternate Art);OGN;214A/298;EN;NM - Quase nova;3;34,00;102,00;30,00;90,00;13,33;https://www.ligariftbound.com.br/?card=Order+Rune+%28Alternate+Art%29+%28214A%29&ed=OGN&num=214A&view=cards%2Fcard
Sacrifice;UNL;173/219;EN;NM - Quase nova;4;25,00;100,00;57,50;230,00;-56,52;https://www.ligariftbound.com.br/?card=Sacrifice+%28173%29&ed=UNL&num=173&view=cards%2Fcard
Death from Below;UNL;186/219;EN;NM - Quase nova;4;25,00;100,00;26,49;105,96;-5,62;https://www.ligariftbound.com.br/?card=Death+from+Below+%28186%29&ed=UNL&num=186&view=cards%2Fcard
Irelia - Fervent;SFD;057/221;EN;NM - Quase nova;1;99,00;99,00;89,90;89,90;10,12;https://www.ligariftbound.com.br/?card=Irelia+-+Fervent+%2857%29&ed=SFD&num=57&view=cards%2Fcard
Pyke - Dockside Butcher (Alternate Art);UNL;028A/219;EN;NM - Quase nova;1;99,00;99,00;109,95;109,95;-9,96;https://www.ligariftbound.com.br/?card=Pyke+-+Dockside+Butcher+%28Alternate+Art%29+%2828A%29&ed=UNL&num=28A&view=cards%2Fcard
Hwei - Brooding Painter;UNL;080/219;EN;NM - Quase nova;5;19,00;95,00;23,95;119,75;-20,67;https://www.ligariftbound.com.br/?card=Hwei+-+Brooding+Painter+%2880%29&ed=UNL&num=80&view=cards%2Fcard
Mindsplitter;OGN;192/298;EN;NM - Quase nova;4;23,00;92,00;29,95;119,80;-23,21;https://www.ligariftbound.com.br/?card=Mindsplitter+%28192%29&ed=OGN&num=192&view=cards%2Fcard
Volibear - Imposing (Alternate Art);OGN;158A/298;EN;NM - Quase nova;4;23,00;92,00;23,00;92,00;;https://www.ligariftbound.com.br/?card=Volibear+-+Imposing+%28Alternate+Art%29+%28158A%29&ed=OGN&num=158A&view=cards%2Fcard
Alpha Wildclaw;UNL;057/219;EN;NM - Quase nova;5;18,00;90,00;19,75;98,75;-8,86;https://www.ligariftbound.com.br/?card=Alpha+Wildclaw+%2857%29&ed=UNL&num=57&view=cards%2Fcard
Seal of Insight;OGN;120/298;EN;NM - Quase nova;1;89,00;89,00;104,95;104,95;-15,20;https://www.ligariftbound.com.br/?card=Seal+of+Insight+%28120%29&ed=OGN&num=120&view=cards%2Fcard
Showstopper;OGN;270/298;EN;NM - Quase nova;1;89,00;89,00;85,90;85,90;3,61;https://www.ligariftbound.com.br/?card=Showstopper+%28270%29&ed=OGN&num=270&view=cards%2Fcard
Draven - Audacious (Alternate Art);SFD;148A/221;EN;NM - Quase nova;2;44,00;88,00;39,90;79,80;10,28;https://www.ligariftbound.com.br/?card=Draven+-+Audacious+%28Alternate+Art%29+%28148A%29&ed=SFD&num=148A&view=cards%2Fcard
Ekko - Recurrent;OGN;110/298;EN;NM - Quase nova;3;29,00;87,00;37,43;112,29;-22,52;https://www.ligariftbound.com.br/?card=Ekko+-+Recurrent+%28110%29&ed=OGN&num=110&view=cards%2Fcard
Mystic Reversal;OGN;080/298;EN;NM - Quase nova;3;29,00;87,00;21,25;63,75;36,47;https://www.ligariftbound.com.br/?card=Mystic+Reversal+%2880%29&ed=OGN&num=80&view=cards%2Fcard
Calm Rune (Alternate Art);UNL;R02A;EN;NM - Quase nova;3;29,00;87,00;28,51;85,53;1,72;https://www.ligariftbound.com.br/?card=Calm+Rune+%28Alternate+Art%29+%28R02a%29&ed=UNL&num=R02A&view=cards%2Fcard
Darius - Trifarian;OGN;027/298;EN;NM - Quase nova;3;29,00;87,00;24,86;74,58;16,65;https://www.ligariftbound.com.br/?card=Darius+-+Trifarian+%2827%29&ed=OGN&num=27&view=cards%2Fcard
Sabotage;OGN;156/298;EN;NM - Quase nova;1;79,00;79,00;67,98;67,98;16,21;https://www.ligariftbound.com.br/?card=Sabotage+%28156%29&ed=OGN&num=156&view=cards%2Fcard
Bullet Time;OGN;268/298;EN;NM - Quase nova;2;35,00;70,00;51,95;103,90;-32,63;https://www.ligariftbound.com.br/?card=Bullet+Time+%28268%29&ed=OGN&num=268&view=cards%2Fcard
Chaos Rune (Alternate Art);SFD;R05A;EN;NM - Quase nova;2;33,00;66,00;38,17;76,34;-13,54;https://www.ligariftbound.com.br/?card=Chaos+Rune+%28Alternate+Art%29+%28R05A%29&ed=SFD&num=R05A&view=cards%2Fcard
Master Yi - Unstoppable (Alternate Art);UNL;059A/219;EN;NM - Quase nova;2;33,00;66,00;31,84;63,68;3,64;https://www.ligariftbound.com.br/?card=Master+Yi+-+Unstoppable+%28Alternate+Art%29+%2859A%29&ed=UNL&num=59A&view=cards%2Fcard
Rumble - Hotheaded (Alternate Art);SFD;026A/221;EN;NM - Quase nova;2;33,00;66,00;6,41;12,82;414,82;https://www.ligariftbound.com.br/?card=Rumble+-+Hotheaded+%28Alternate+Art%29+%2826A%29&ed=SFD&num=26A&view=cards%2Fcard
Downwell;SFD;147/221;EN;NM - Quase nova;1;59,00;59,00;70,00;70,00;-15,71;https://www.ligariftbound.com.br/?card=Downwell+%28147%29&ed=SFD&num=147&view=cards%2Fcard
Whiteflame Protector;OGN;082/298;EN;NM - Quase nova;1;59,00;59,00;40,00;40,00;47,50;https://www.ligariftbound.com.br/?card=Whiteflame+Protector+%2882%29&ed=OGN&num=82&view=cards%2Fcard
The Ruination;UNL;180/219;EN;NM - Quase nova;1;59,00;59,00;65,90;65,90;-10,47;https://www.ligariftbound.com.br/?card=The+Ruination+%28180%29&ed=UNL&num=180&view=cards%2Fcard
Lillia - Protector of Dreams (Alternate Art);UNL;058A/219;EN;NM - Quase nova;2;29,00;58,00;29,39;58,78;-1,33;https://www.ligariftbound.com.br/?card=Lillia+-+Protector+of+Dreams+%28Alternate+Art%29+%2858A%29&ed=UNL&num=58A&view=cards%2Fcard
Arcane Shift;SFD;200/221;EN;NM - Quase nova;2;29,00;58,00;27,57;55,14;5,19;https://www.ligariftbound.com.br/?card=Arcane+Shift+%28200%29&ed=SFD&num=200&view=cards%2Fcard
Void Rush;SFD;188/221;EN;NM - Quase nova;2;29,00;58,00;35,00;70,00;-17,14;https://www.ligariftbound.com.br/?card=Void+Rush+%28188%29&ed=SFD&num=188&view=cards%2Fcard
Defy;OGN;045/298;EN;NM - Quase nova;3;19,00;57,00;24,95;74,85;-23,85;https://www.ligariftbound.com.br/?card=Defy+%2845%29&ed=OGN&num=45&view=cards%2Fcard
Body Rune;UNL;R04A;EN;NM - Quase nova;2;28,00;56,00;29,90;59,80;-6,35;https://www.ligariftbound.com.br/?card=Body+Rune+%28Alternate+Art%29+%28R04a%29&ed=UNL&num=R04A&view=cards%2Fcard
Rek'Sai - Breacher (Alternate Art);SFD;029A/221;EN;NM - Quase nova;1;54,00;54,00;59,00;59,00;-8,47;https://www.ligariftbound.com.br/?card=Rek%27Sai+-+Breacher+%28Alternate+Art%29+%2829A%29&ed=SFD&num=29A&view=cards%2Fcard
Irresistible Faefolk;UNL;112/219;EN;NM - Quase nova;3;18,00;54,00;24,50;73,50;-26,53;https://www.ligariftbound.com.br/?card=Irresistible+Faefolk+%28112%29&ed=UNL&num=112&view=cards%2Fcard
Scuttle Crab;UNL;053/219;EN;NM - Quase nova;6;9,00;54,00;16,90;101,40;-46,75;https://www.ligariftbound.com.br/?card=Scuttle+Crab+%2853%29&ed=UNL&num=53&view=cards%2Fcard
Icathian Rain;OGN;248/298;EN;NM - Quase nova;1;49,00;49,00;24,95;24,95;96,39;https://www.ligariftbound.com.br/?card=Icathian+Rain+%28248%29&ed=OGN&num=248&view=cards%2Fcard
Rek'Sai - Breacher;SFD;029/221;EN;NM - Quase nova;1;49,00;49,00;54,95;54,95;-10,83;https://www.ligariftbound.com.br/?card=Rek%27Sai+-+Breacher+%2829%29&ed=SFD&num=29&view=cards%2Fcard
Last Breath;OGN;260/298;EN;NM - Quase nova;2;24,00;48,00;18,50;37,00;29,73;https://www.ligariftbound.com.br/?card=Last+Breath+%28260%29&ed=OGN&num=260&view=cards%2Fcard
Shadow;UNL;194/219;EN;NM - Quase nova;4;12,00;48,00;14,88;59,52;-19,35;https://www.ligariftbound.com.br/?card=Shadow+%28194%29&ed=UNL&num=194&view=cards%2Fcard
Blue Sentinel;UNL;087/219;EN;NM - Quase nova;2;23,00;46,00;24,90;49,80;-7,63;https://www.ligariftbound.com.br/?card=Blue+Sentinel+%2887%29&ed=UNL&num=87&view=cards%2Fcard
Curtain Call;UNL;182/219;EN;NM - Quase nova;2;22,00;44,00;13,90;27,80;58,27;https://www.ligariftbound.com.br/?card=Curtain+Call+%28182%29&ed=UNL&num=182&view=cards%2Fcard
Sprite Fountain;UNL;078/219;EN;NM - Quase nova;3;14,00;42,00;24,30;72,90;-42,39;https://www.ligariftbound.com.br/?card=Sprite+Fountain+%2878%29&ed=UNL&num=78&view=cards%2Fcard
Gutter Palace;UNL;088/219;EN;NM - Quase nova;4;10,00;40,00;5,00;20,00;100,00;https://www.ligariftbound.com.br/?card=Gutter+Palace+%2888%29&ed=UNL&num=88&view=cards%2Fcard
Lillia - Fae Fawn (Alternate Art);UNL;082A/219;EN;NM - Quase nova;1;39,00;39,00;44,52;44,52;-12,40;https://www.ligariftbound.com.br/?card=Lillia+-+Fae+Fawn+%28Alternate+Art%29+%2882A%29&ed=UNL&num=82A&view=cards%2Fcard
Blue Sentinel (Alternate Art);UNL;087A/219;EN;NM - Quase nova;1;39,00;39,00;34,50;34,50;13,04;https://www.ligariftbound.com.br/?card=Blue+Sentinel+%28Alternate+Art%29+%2887A%29&ed=UNL&num=87A&view=cards%2Fcard
Darius - Executioner (Alternate Art);OGN;243A/298;EN;NM - Quase nova;1;39,00;39,00;23,95;23,95;62,84;https://www.ligariftbound.com.br/?card=Darius+-+Executioner+%28Alternate+Art%29+%28243A%29&ed=OGN&num=243A&view=cards%2Fcard
Sivir - Mercenary (Alternate Art);SFD;143A/221;EN;NM - Quase nova;3;13,00;39,00;2,89;8,67;349,83;https://www.ligariftbound.com.br/?card=Sivir+-+Mercenary+%28Alternate+Art%29+%28143A%29&ed=SFD&num=143A&view=cards%2Fcard
Draven - Vanquisher (Alternate Art);SFD;020A/221;EN;NM - Quase nova;2;19,00;38,00;13,75;27,50;38,18;https://www.ligariftbound.com.br/?card=Draven+-+Vanquisher+%28Alternate+Art%29+%2820A%29&ed=SFD&num=20A&view=cards%2Fcard
Master Yi - Unstoppable;UNL;059/219;EN;NM - Quase nova;2;19,00;38,00;18,50;37,00;2,70;https://www.ligariftbound.com.br/?card=Master+Yi+-+Unstoppable+%2859%29&ed=UNL&num=59&view=cards%2Fcard
Blade of the Ruined King;SFD;178/221;EN;NM - Quase nova;2;18,00;36,00;20,25;40,50;-11,11;https://www.ligariftbound.com.br/?card=Blade+of+the+Ruined+King+%28178%29&ed=SFD&num=178&view=cards%2Fcard
Renata Glasc - Mastermind (Alternate Art);SFD;088A/221;EN;NM - Quase nova;2;18,00;36,00;13,83;27,66;30,15;https://www.ligariftbound.com.br/?card=Renata+Glasc+-+Mastermind+%28Alternate+Art%29+%2888A%29&ed=SFD&num=88A&view=cards%2Fcard
Jax - Unrelenting (Alternate Art);SFD;119A/221;EN;NM - Quase nova;2;18,00;36,00;9,01;18,02;99,78;https://www.ligariftbound.com.br/?card=Jax+-+Unrelenting+%28Alternate+Art%29+%28119A%29&ed=SFD&num=119A&view=cards%2Fcard
Ivern - Nurturer (Alternate Art);UNL;051A/219;EN;NM - Quase nova;3;12,00;36,00;13,00;39,00;-7,69;https://www.ligariftbound.com.br/?card=Ivern+-+Nurturer+%28Alternate+Art%29+%2851A%29&ed=UNL&num=51A&view=cards%2Fcard
Draven - Audacious;SFD;148/221;EN;NM - Quase nova;1;35,00;35,00;39,30;39,30;-10,94;https://www.ligariftbound.com.br/?card=Draven+-+Audacious+%28148%29&ed=SFD&num=148&view=cards%2Fcard
Sivir - Ambitious (Alternate Art);SFD;120A/221;EN;NM - Quase nova;2;17,00;34,00;8,71;17,42;95,18;https://www.ligariftbound.com.br/?card=Sivir+-+Ambitious+%28Alternate+Art%29+%28120A%29&ed=SFD&num=120A&view=cards%2Fcard
Rengar - Unseen (Alternate Art);UNL;024A/219;EN;NM - Quase nova;1;33,00;33,00;21,98;21,98;50,14;https://www.ligariftbound.com.br/?card=Rengar+-+Unseen+%28Alternate+Art%29+%2824A%29&ed=UNL&num=24A&view=cards%2Fcard
Kha'Zix - Mutating Horror (Alternate Art);UNL;143A/219;EN;NM - Quase nova;1;33,00;33,00;28,95;28,95;13,99;https://www.ligariftbound.com.br/?card=Kha%27Zix+-+Mutating+Horror+%28Alternate+Art%29+%28143A%29&ed=UNL&num=143A&view=cards%2Fcard
Ornn - Forge God (Alternate Art);SFD;085A/221;EN;NM - Quase nova;2;16,00;32,00;10,78;21,56;48,42;https://www.ligariftbound.com.br/?card=Ornn+-+Forge+God+%28Alternate+Art%29+%2885A%29&ed=SFD&num=85A&view=cards%2Fcard
Azir - Ascendant (Alternate Art);SFD;050A/221;EN;NM - Quase nova;3;10,00;30,00;4,49;13,47;122,72;https://www.ligariftbound.com.br/?card=Azir+-+Ascendant+%28Alternate+Art%29+%2850A%29&ed=SFD&num=50A&view=cards%2Fcard
Inviolus Vox;UNL;027/219;EN;NM - Quase nova;3;10,00;30,00;6,90;20,70;44,93;https://www.ligariftbound.com.br/?card=Inviolus+Vox+%2827%29&ed=UNL&num=27&view=cards%2Fcard
Counter Strike;SFD;194/221;EN;NM - Quase nova;1;29,00;29,00;20,00;20,00;45,00;https://www.ligariftbound.com.br/?card=Counter+Strike+%28194%29&ed=SFD&num=194&view=cards%2Fcard
Diana - Lunari (Alternate Art);UNL;079A/219;EN;NM - Quase nova;1;29,00;29,00;27,87;27,87;4,05;https://www.ligariftbound.com.br/?card=Diana+-+Lunari+%28Alternate+Art%29+%2879A%29&ed=UNL&num=79A&view=cards%2Fcard
Viktor - Innovator (Alternate Art);OGN;117A/298;EN;NM - Quase nova;1;29,00;29,00;22,00;22,00;31,82;https://www.ligariftbound.com.br/?card=Viktor+-+Innovator+%28Alternate+Art%29+%28117A%29&ed=OGN&num=117A&view=cards%2Fcard
Kha'Zix - Evolving Hunter (Alternate Art);UNL;119A/219;EN;NM - Quase nova;1;27,00;27,00;21,65;21,65;24,71;https://www.ligariftbound.com.br/?card=Kha%27Zix+-+Evolving+Hunter+%28Alternate+Art%29+%28119A%29&ed=UNL&num=119A&view=cards%2Fcard
Void Assault;UNL;202/219;EN;NM - Quase nova;1;27,00;27,00;28,95;28,95;-6,74;https://www.ligariftbound.com.br/?card=Void+Assault+%28202%29&ed=UNL&num=202&view=cards%2Fcard
Fury Rune (Alternate Art);UNL;R01A;EN;NM - Quase nova;1;26,00;26,00;20,00;20,00;30,00;https://www.ligariftbound.com.br/?card=Fury+Rune+%28Alternate+Art%29+%28R01a%29&ed=UNL&num=R01A&view=cards%2Fcard
Kha'Zix - Evolving Hunter;UNL;119/219;EN;NM - Quase nova;2;13,00;26,00;10,34;20,68;25,73;https://www.ligariftbound.com.br/?card=Kha%27Zix+-+Evolving+Hunter+%28119%29&ed=UNL&num=119&view=cards%2Fcard
Riposte;SFD;206/221;EN;NM - Quase nova;1;23,00;23,00;29,95;29,95;-23,21;https://www.ligariftbound.com.br/?card=Riposte+%28206%29&ed=SFD&num=206&view=cards%2Fcard
Poppy - Paragon (Alternate Art);UNL;116A/219;EN;NM - Quase nova;1;23,00;23,00;20,98;20,98;9,63;https://www.ligariftbound.com.br/?card=Poppy+-+Paragon+%28Alternate+Art%29+%28116A%29&ed=UNL&num=116A&view=cards%2Fcard
Irelia - Graceful (Alternate Art);SFD;141A/221;EN;NM - Quase nova;1;22,00;22,00;7,89;7,89;178,83;https://www.ligariftbound.com.br/?card=Irelia+-+Graceful+%28Alternate+Art%29+%28141A%29&ed=SFD&num=141A&view=cards%2Fcard
Singularity;OGN;105/298;EN;NM - Quase nova;2;10,00;20,00;12,00;24,00;-16,67;https://www.ligariftbound.com.br/?card=Singularity+%28105%29&ed=OGN&num=105&view=cards%2Fcard
Lillia - Protector of Dreams;UNL;058/219;EN;NM - Quase nova;2;10,00;20,00;10,82;21,64;-7,58;https://www.ligariftbound.com.br/?card=Lillia+-+Protector+of+Dreams+%2858%29&ed=UNL&num=58&view=cards%2Fcard
Poppy - Defender of the Meek;UNL;178/219;EN;NM - Quase nova;2;10,00;20,00;6,80;13,60;47,06;https://www.ligariftbound.com.br/?card=Poppy+-+Defender+of+the+Meek+%28178%29&ed=UNL&num=178&view=cards%2Fcard
Ride The Wind;OGN;173/298;EN;NM - Quase nova;2;9,00;18,00;1,10;2,20;718,18;https://www.ligariftbound.com.br/?card=Ride+The+Wind+%28173%29&ed=OGN&num=173&view=cards%2Fcard
The Zero Drive;SFD;090/221;EN;NM - Quase nova;1;15,00;15,00;12,82;12,82;17,00;https://www.ligariftbound.com.br/?card=The+Zero+Drive+%2890%29&ed=SFD&num=90&view=cards%2Fcard
Arachnoid Horror;UNL;117/219;EN;NM - Quase nova;1;13,00;13,00;12,60;12,60;3,17;https://www.ligariftbound.com.br/?card=Arachnoid+Horror+%28117%29&ed=UNL&num=117&view=cards%2Fcard
Hostile Takeover;SFD;202/221;EN;NM - Quase nova;1;13,00;13,00;6,90;6,90;88,41;https://www.ligariftbound.com.br/?card=Hostile+Takeover+%28202%29&ed=SFD&num=202&view=cards%2Fcard
Dunebreaker;SFD;027/221;EN;NM - Quase nova;1;13,00;13,00;6,99;6,99;85,98;https://www.ligariftbound.com.br/?card=Dunebreaker+%2827%29&ed=SFD&num=27&view=cards%2Fcard
Corina Veraza;SFD;179/221;EN;NM - Quase nova;1;12,00;12,00;10,29;10,29;16,62;https://www.ligariftbound.com.br/?card=Corina+Veraza+%28179%29&ed=SFD&num=179&view=cards%2Fcard
Ornn - Blacksmith (Alternate Art);SFD;058A/221;EN;NM - Quase nova;1;12,00;12,00;6,78;6,78;76,99;https://www.ligariftbound.com.br/?card=Ornn+-+Blacksmith+%28Alternate+Art%29+%2858A%29&ed=SFD&num=58A&view=cards%2Fcard
Ezreal - Dashing (Alternate Art);SFD;082A/221;EN;NM - Quase nova;1;10,00;10,00;6,45;6,45;55,04;https://www.ligariftbound.com.br/?card=Ezreal+-+Dashing+%28Alternate+Art%29+%2882A%29&ed=SFD&num=82A&view=cards%2Fcard
Ancient Henge;SFD;117/221;EN;NM - Quase nova;1;10,00;10,00;8,00;8,00;25,00;https://www.ligariftbound.com.br/?card=Ancient+Henge+%28117%29&ed=SFD&num=117&view=cards%2Fcard
Noxian Guillotine;OGN;254/298;EN;NM - Quase nova;1;10,00;10,00;11,00;11,00;-9,09;https://www.ligariftbound.com.br/?card=Noxian+Guillotine+%28254%29&ed=OGN&num=254&view=cards%2Fcard
