Nome;Set;Numero;Idioma;Cond;Qtd;Ronn_unit_BRL;Ronn_total_BRL;Liga_unit_BRL;Liga_total_BRL;TCG_unit_BRL;TCG_total_BRL;TCG_unit_USD;TCG_total_USD;Ronn_vs_Liga_%;Ronn_vs_TCG_%;URL
Kha'Zix - Voidreaver (Signature);UNL;236P/219;EN;NM - Quase nova;1;3000,00;3000,00;1800,00;1800,00;1612,26;1612,26;317,39;317,39;66,67;86,07;https://mypcards.com/riftbound/produto/322859/khazix-voidreaver-signature
Teemo - Swift Scout (Overnumbered);OGN;307/298;EN;NM - Quase nova;1;1000,00;1000,00;1000,00;1000,00;604,69;604,69;119,04;119,04;0,00;65,37;https://mypcards.com/riftbound/produto/302642/teemo-swift-scout-overnumbered
Baited Hook;OGN;242/298;PT;NM - Quase nova;3;300,00;900,00;210,00;630,00;260,44;781,32;51,27;153,81;42,86;15,19;https://mypcards.com/riftbound/produto/302571/baited-hook
Baron Nashor;UNL;147/219;EN;NM - Quase nova;6;150,00;900,00;129,90;779,40;81,28;487,66;16,00;96,00;15,47;84,56;https://mypcards.com/riftbound/produto/322841/baron-nashor
Diana - Scorn of the Moon (Overnumbered);UNL;234/219;EN;NM - Quase nova;1;849,00;849,00;771,96;771,96;1371,53;1371,53;270,00;270,00;9,98;-38,10;https://mypcards.com/riftbound/produto/322897/diana-scorn-of-the-moon-overnumbered
Vi - Piltover Enforcer (Overnumbered);UNL;229/219;EN;NM - Quase nova;2;400,00;800,00;300,00;600,00;594,33;1188,66;117,00;234,00;33,33;-32,70;https://mypcards.com/riftbound/produto/322999/vi-piltover-enforcer-overnumbered
Seal of Rage;OGN;040/298;EN;NM - Quase nova;4;199,00;796,00;109,90;439,60;81,28;325,10;16,00;64,00;81,07;144,84;https://mypcards.com/riftbound/produto/302347/seal-of-rage
Rengar - Pridestalker (Overnumbered);UNL;227/219;EN;NM - Quase nova;1;600,00;600,00;255,00;255,00;349,39;349,39;68,78;68,78;135,29;71,73;https://mypcards.com/riftbound/produto/323042/rengar-pridestalker-overnumbered
Time Warp;OGN;122/298;EN;NM - Quase nova;2;290,00;580,00;239,00;478,00;213,35;426,70;42,00;84,00;21,34;35,93;https://mypcards.com/riftbound/produto/302438/time-warp
Pyke - Bloodharbor Ripper (Overnumbered);UNL;228/219;EN;NM - Quase nova;1;500,00;500,00;400,00;400,00;490,20;490,20;96,50;96,50;25,00;2,00;https://mypcards.com/riftbound/produto/323043/pyke-bloodharbor-ripper-overnumbered
Sett - Brawler;OGN;164/298;EN;NM - Quase nova;3;150,00;450,00;109,75;329,25;40,59;121,76;7,99;23,97;36,67;269,57;https://mypcards.com/riftbound/produto/302484/sett-brawler
Elder Dragon;UNL;118/219;EN;NM - Quase nova;3;150,00;450,00;119,00;357,00;62,18;186,53;12,24;36,72;26,05;141,25;https://mypcards.com/riftbound/produto/322970/elder-dragon
Jhin - Virtuoso (Overnumbered);UNL;226/219;EN;NM - Quase nova;1;400,00;400,00;390,00;390,00;299,30;299,30;58,92;58,92;2,56;33,65;https://mypcards.com/riftbound/produto/323041/jhin-virtuoso-overnumbered
Kai'Sa - Daughter of the Void;ROPP;247/298;EN;NM - Quase nova;1;400,00;400,00;160,00;160,00;520,32;520,32;102,43;102,43;150,00;-23,12;https://mypcards.com/riftbound/produto/304433/kaisa-daughter-of-the-void
Kai'Sa - Survivor;OGN;039/298;EN;NM - Quase nova;1;390,00;390,00;350,00;350,00;335,26;335,26;66,00;66,00;11,43;16,33;https://mypcards.com/riftbound/produto/302345/kaisa-survivor
Unchecked Power;OGN;123/298;EN;NM - Quase nova;2;190,00;380,00;200,00;400,00;132,07;264,15;26,00;52,00;-5,00;43,86;https://mypcards.com/riftbound/produto/302439/unchecked-power
LeBlanc - Everywhere At Once (Alternate Art);UNL;090A/219;PT;NM - Quase nova;3;120,00;360,00;75,00;225,00;28,14;84,43;5,54;16,62;60,00;326,41;https://mypcards.com/riftbound/produto/322923/leblanc-everywhere-at-once-alternate-art
Seal of Rage (Overnumbered);SFD;222/221;EN;NM - Quase nova;1;300,00;300,00;300,00;300,00;307,27;307,27;60,49;60,49;0,00;-2,37;https://mypcards.com/riftbound/produto/306718/seal-of-rage-overnumbered
Immortal Phoenix;OGN;037/298;EN;NM - Quase nova;3;95,00;285,00;66,94;200,82;23,82;71,47;4,69;14,07;41,92;298,76;https://mypcards.com/riftbound/produto/302343/immortal-phoenix
Dazzling Aurora;OGN;160/298;EN;NM - Quase nova;1;280,00;280,00;249,89;249,89;209,13;209,13;41,17;41,17;12,05;33,89;https://mypcards.com/riftbound/produto/302479/dazzling-aurora
Showstopper;OGN;270/298;EN;NM - Quase nova;3;90,00;270,00;85,90;257,70;40,64;121,91;8,00;24,00;4,77;121,47;https://mypcards.com/riftbound/produto/302601/showstopper
Sacrifice;UNL;173/219;EN;NM - Quase nova;6;45,00;270,00;26,00;156,00;6,60;39,62;1,30;7,80;73,08;581,44;https://mypcards.com/riftbound/produto/322871/sacrifice
Seal of Insight;OGN;120/298;EN;NM - Quase nova;2;130,00;260,00;90,00;180,00;71,07;142,13;13,99;27,98;44,44;82,93;https://mypcards.com/riftbound/produto/302435/seal-of-insight
Mirror Image;UNL;200/219;PT;NM - Quase nova;2;120,00;240,00;69,00;138,00;25,50;51,00;5,02;10,04;73,91;370,58;https://mypcards.com/riftbound/produto/322858/mirror-image
Falling Star;OGN;029/298;EN;NM - Quase nova;3;70,00;210,00;49,90;149,70;41,30;123,90;8,13;24,39;40,28;69,50;https://mypcards.com/riftbound/produto/302334/falling-star
Jhin - Meticulous Killer (Alternate Art);UNL;089A/219;EN;NM - Quase nova;3;70,00;210,00;45,00;135,00;23,67;71,01;4,66;13,98;55,56;195,71;https://mypcards.com/riftbound/produto/322874/jhin-meticulous-killer-alternate-art
Vex - Apathetic;UNL;150/219;PT;NM - Quase nova;2;100,00;200,00;90,00;180,00;69,74;139,49;13,73;27,46;11,11;43,38;https://mypcards.com/riftbound/produto/323083/vex-apathetic
Baron Nashor (Alternate Art);UNL;147A/219;PT;NM - Quase nova;1;190,00;190,00;179,00;179,00;121,91;121,91;24,00;24,00;6,15;55,85;https://mypcards.com/riftbound/produto/322860/baron-nashor-alternate-art
Elder Dragon (Alternate Art);UNL;118A/219;PT;NM - Quase nova;1;180,00;180,00;155,00;155,00;106,67;106,67;21,00;21,00;16,13;68,74;https://mypcards.com/riftbound/produto/322958/elder-dragon-alternate-art
Sett - Brawler (Alternate Art);OGN;164A/298;EN;NM - Quase nova;1;180,00;180,00;120,00;120,00;63,85;63,85;12,57;12,57;50,00;181,90;https://mypcards.com/riftbound/produto/302485/sett-brawler-alternate-art
Pyke - Dockside Butcher;UNL;028/219;PT;NM - Quase nova;2;90,00;180,00;83,00;166,00;65,73;131,46;12,94;25,88;8,43;36,92;https://mypcards.com/riftbound/produto/322966/pyke-dockside-butcher
LeBlanc - Fragmented (Alternate Art);UNL;172A/219;EN;NM - Quase nova;3;60,00;180,00;33,95;101,85;15,24;45,72;3,00;9,00;76,73;293,72;https://mypcards.com/riftbound/produto/323016/leblanc-fragmented-alternate-art
Ekko - Recurrent;OGN;110/298;EN;NM - Quase nova;3;60,00;180,00;25,00;75,00;2,54;7,62;0,50;1,50;140,00;2262,32;https://mypcards.com/riftbound/produto/302424/ekko-recurrent
Sona - Harmonious;OGN;073/298;EN;NM - Quase nova;3;60,00;180,00;34,90;104,70;20,32;60,96;4,00;12,00;71,92;195,29;https://mypcards.com/riftbound/produto/302383/sona-harmonious
Deadbloom Predator;OGN;161/298;EN;NM - Quase nova;2;80,00;160,00;59,90;119,80;16,31;32,61;3,21;6,42;33,56;390,62;https://mypcards.com/riftbound/produto/302480/deadbloom-predator
Divine Judgment;OGN;244/298;EN;NM - Quase nova;2;80,00;160,00;35,00;70,00;7,57;15,14;1,49;2,98;128,57;956,97;https://mypcards.com/riftbound/produto/302574/divine-judgment
Diana - No Longer Human;UNL;149/219;PT;NM - Quase nova;3;50,00;150,00;25,00;75,00;3,25;9,75;0,64;1,92;100,00;1437,97;https://mypcards.com/riftbound/produto/322887/diana-no-longer-human
Alpha Wildclaw;UNL;057/219;EN;NM - Quase nova;6;25,00;150,00;18,00;108,00;2,49;14,93;0,49;2,94;38,89;904,39;https://mypcards.com/riftbound/produto/323079/alpha-wildclaw
Jhin - Murderous Artist (Alternate Art);UNL;022A/219;PT;NM - Quase nova;2;70,00;140,00;40,00;80,00;76,20;152,39;15,00;30,00;75,00;-8,13;https://mypcards.com/riftbound/produto/322882/jhin-murderous-artist-alternate-art
Rift Herald (Alternate Art);UNL;179A/219;PT;NM - Quase nova;2;70,00;140,00;47,00;94,00;45,72;91,44;9,00;18,00;48,94;53,11;https://mypcards.com/riftbound/produto/322978/rift-herald-alternate-art
Mindsplitter;OGN;192/298;EN;NM - Quase nova;2;70,00;140,00;20,00;40,00;4,98;9,96;0,98;1,96;250,00;1306,14;https://mypcards.com/riftbound/produto/302514/mindsplitter
Miss Fortune - Captain;OGN;162/298;EN;NM - Quase nova;3;45,00;135,00;24,75;74,25;15,24;45,72;3,00;9,00;81,82;195,29;https://mypcards.com/riftbound/produto/302481/miss-fortune-captain
Vi - Peacekeeper;UNL;176/219;EN;NM - Quase nova;3;45,00;135,00;38,00;114,00;10,16;30,48;2,00;6,00;18,42;342,93;https://mypcards.com/riftbound/produto/323034/vi-peacekeeper
Karthus - Eternal;OGN;236/298;EN;NM - Quase nova;5;25,00;125,00;11,90;59,50;5,08;25,40;1,00;5,00;110,08;392,15;https://mypcards.com/riftbound/produto/302563/karthus-eternal
Invert Timelines;OGN;201/298;EN;NM - Quase nova;1;120,00;120,00;80,00;80,00;76,15;76,15;14,99;14,99;50,00;57,59;https://mypcards.com/riftbound/produto/302525/invert-timelines
Red Brambleback (Alternate Art);UNL;029A/219;EN;NM - Quase nova;2;60,00;120,00;49,94;99,88;6,30;12,60;1,24;2,48;20,14;852,55;https://mypcards.com/riftbound/produto/323027/red-brambleback-alternate-art
Poppy - Defender of the Meek (Alternate Art);UNL;178A/219;EN;NM - Quase nova;2;60,00;120,00;38,00;76,00;5,08;10,16;1,00;2,00;57,89;1081,16;https://mypcards.com/riftbound/produto/323037/poppy-defender-of-the-meek-alternate-art
Tideturner;OGN;199/298;EN;NM - Quase nova;3;40,00;120,00;20,00;60,00;7,62;22,86;1,50;4,50;100,00;424,96;https://mypcards.com/riftbound/produto/302523/tideturner
Keeper's Verdict;UNL;204/219;EN;NM - Quase nova;3;40,00;120,00;10,00;30,00;0,51;1,52;0,10;0,30;300,00;7774,40;https://mypcards.com/riftbound/produto/322944/keepers-verdict
Nocturne - Horrifying;OGN;194/298;EN;NM - Quase nova;3;40,00;120,00;24,90;74,70;20,32;60,96;4,00;12,00;60,64;96,86;https://mypcards.com/riftbound/produto/302517/nocturne-horrifying
Jhin - Meticulous Killer;UNL;089/219;PT;NM - Quase nova;3;35,00;105,00;20,00;60,00;11,38;34,14;2,24;6,72;75,00;207,59;https://mypcards.com/riftbound/produto/322873/jhin-meticulous-killer
Alpha Strike;UNL;192/219;PT;NM - Quase nova;3;35,00;105,00;20,00;60,00;0,51;1,52;0,10;0,30;75,00;6790,10;https://mypcards.com/riftbound/produto/322877/alpha-strike
Whiteflame Protector;OGN;082/298;EN;NM - Quase nova;1;100,00;100,00;40,00;40,00;15,19;15,19;2,99;2,99;150,00;558,39;https://mypcards.com/riftbound/produto/302395/whiteflame-protector
Miss Fortune - Captain (Alternate Art);OGN;162A/298;EN;NM - Quase nova;1;100,00;100,00;58,00;58,00;81,02;81,02;15,95;15,95;72,41;23,42;https://mypcards.com/riftbound/produto/302482/miss-fortune-captain-alternate-art
Ahri - Inquisitive;OGN;119/298;EN;NM - Quase nova;2;50,00;100,00;40,18;80,36;55,83;111,65;10,99;21,98;24,44;-10,44;https://mypcards.com/riftbound/produto/302434/ahri-inquisitive
Jinx - Rebel (Alternate Art);OGN;202A/298;EN;NM - Quase nova;2;50,00;100,00;22,00;44,00;18,39;36,78;3,62;7,24;127,27;171,91;https://mypcards.com/riftbound/produto/302527/jinx-rebel-alternate-art
Kha'Zix - Evolving Hunter (Alternate Art);UNL;119A/219;EN;NM - Quase nova;2;50,00;100,00;20,00;40,00;7,52;15,04;1,48;2,96;150,00;565,07;https://mypcards.com/riftbound/produto/322929/khazix-evolving-hunter-alternate-art
Pyke - Dockside Butcher (Alternate Art);UNL;028A/219;PT;NM - Quase nova;1;99,00;99,00;85,00;85,00;84,78;84,78;16,69;16,69;16,47;16,77;https://mypcards.com/riftbound/produto/322967/pyke-dockside-butcher-alternate-art
Sabotage;OGN;156/298;EN;NM - Quase nova;1;90,00;90,00;67,98;67,98;60,96;60,96;12,00;12,00;32,39;47,65;https://mypcards.com/riftbound/produto/302474/sabotage
Ivern - Friend to All (Alternate Art);UNL;177A/219;EN;NM - Quase nova;1;90,00;90,00;30,00;30,00;5,08;5,08;1,00;1,00;200,00;1671,74;https://mypcards.com/riftbound/produto/322891/ivern-friend-to-all-alternate-art
Vi - Peacekeeper (Alternate Art);UNL;176A/219;EN;NM - Quase nova;1;90,00;90,00;89,00;89,00;69,08;69,08;13,60;13,60;1,12;30,28;https://mypcards.com/riftbound/produto/323035/vi-peacekeeper-alternate-art
Brynhir Thundersong;OGN;026/298;EN;NM - Quase nova;3;30,00;90,00;23,00;69,00;6,35;19,05;1,25;3,75;30,43;372,46;https://mypcards.com/riftbound/produto/302330/brynhir-thundersong
Rengar - Trophy Hunter;UNL;120/219;EN;NM - Quase nova;1;80,00;80,00;70,00;70,00;82,80;82,80;16,30;16,30;14,29;-3,38;https://mypcards.com/riftbound/produto/322864/rengar-trophy-hunter
Kadregrin the Infernal;OGN;038/298;EN;NM - Quase nova;1;80,00;80,00;50,00;50,00;45,41;45,41;8,94;8,94;60,00;76,16;https://mypcards.com/riftbound/produto/302344/kadregrin-the-infernal
Fiora - Victorious;OGN;232/298;EN;NM - Quase nova;3;25,00;75,00;12,99;38,97;3,56;10,67;0,70;2,10;92,46;603,07;https://mypcards.com/riftbound/produto/302559/fiora-victorious
Hwei - Brooding Painter;UNL;080/219;PT;NM - Quase nova;3;25,00;75,00;19,00;57,00;12,60;37,79;2,48;7,44;31,58;98,45;https://mypcards.com/riftbound/produto/322866/hwei-brooding-painter
Rhasa the Sunderer;OGN;195/298;EN;NM - Quase nova;3;25,00;75,00;18,00;54,00;2,54;7,62;0,50;1,50;38,89;884,30;https://mypcards.com/riftbound/produto/302518/rhasa-the-sunderer
Ivern - Friend to All;UNL;177/219;EN;NM - Quase nova;3;25,00;75,00;14,57;43,71;2,95;8,84;0,58;1,74;71,59;748,53;https://mypcards.com/riftbound/produto/322853/ivern-friend-to-all
Qiyana - Victorious;OGN;155/298;EN;NM - Quase nova;3;25,00;75,00;10,00;30,00;1,52;4,57;0,30;0,90;150,00;1540,50;https://mypcards.com/riftbound/produto/302473/qiyana-victorious
Lillia - Protector of Dreams (Alternate Art);UNL;058A/219;PT;NM - Quase nova;2;35,00;70,00;28,00;56,00;36,52;73,05;7,19;14,38;25,00;-4,17;https://mypcards.com/riftbound/produto/322915/lillia-protector-of-dreams-alternate-art
Void Assault;UNL;202/219;PT;NM - Quase nova;2;35,00;70,00;25,00;50,00;12,50;24,99;2,46;4,92;40,00;180,09;https://mypcards.com/riftbound/produto/323039/void-assault
Boneshiver;SFD;118/221;PT;NM - Quase nova;1;69,00;69,00;39,90;39,90;17,63;17,63;3,47;3,47;72,93;291,45;https://mypcards.com/riftbound/produto/306616/boneshiver
Thrill of the Hunt;UNL;184/219;EN;NM - Quase nova;1;60,00;60,00;49,00;49,00;11,07;11,07;2,18;2,18;22,45;441,82;https://mypcards.com/riftbound/produto/322987/thrill-of-the-hunt
The Ruination;UNL;180/219;PT;NM - Quase nova;1;60,00;60,00;50,00;50,00;38,10;38,10;7,50;7,50;20,00;57,49;https://mypcards.com/riftbound/produto/322994/the-ruination
Kha'Zix - Mutating Horror (Alternate Art);UNL;143A/219;EN;NM - Quase nova;1;60,00;60,00;28,95;28,95;35,25;35,25;6,94;6,94;107,25;70,20;https://mypcards.com/riftbound/produto/322993/khazix-mutating-horror-alternate-art
Leona - Zealot (Alternate Art);OGN;079A/298;EN;NM - Quase nova;1;60,00;60,00;34,90;34,90;27,23;27,23;5,36;5,36;71,92;120,37;https://mypcards.com/riftbound/produto/302392/leona-zealot-alternate-art
Curtain Call;UNL;182/219;PT;NM - Quase nova;2;30,00;60,00;13,90;27,80;5,99;11,99;1,18;2,36;115,83;400,49;https://mypcards.com/riftbound/produto/322869/curtain-call
Red Brambleback;UNL;029/219;EN;NM - Quase nova;2;30,00;60,00;12,00;24,00;0,51;1,02;0,10;0,20;150,00;5805,80;https://mypcards.com/riftbound/produto/322996/red-brambleback
Sprite Fountain;UNL;078/219;EN;NM - Quase nova;3;20,00;60,00;10,00;30,00;13,97;41,91;2,75;8,25;100,00;43,17;https://mypcards.com/riftbound/produto/323028/sprite-fountain
Counter Strike;SFD;194/221;PT;NM - Quase nova;1;55,00;55,00;20,00;20,00;3,30;3,30;0,65;0,65;175,00;1565,74;https://mypcards.com/riftbound/produto/306735/counter-strike
Daisy!;UNL;196/219;EN;NM - Quase nova;3;18,00;54,00;10,00;30,00;3,30;9,91;0,65;1,95;80,00;445,15;https://mypcards.com/riftbound/produto/323038/daisy
Spinning Axe;SFD;186/221;EN;NM - Quase nova;1;50,00;50,00;25,00;25,00;3,81;3,81;0,75;0,75;100,00;1212,40;https://mypcards.com/riftbound/produto/306528/spinning-axe
Lillia - Fae Fawn (Alternate Art);UNL;082A/219;PT;NM - Quase nova;1;50,00;50,00;39,00;39,00;24,08;24,08;4,74;4,74;28,21;107,66;https://mypcards.com/riftbound/produto/323103/lillia-fae-fawn-alternate-art
Salvage;OGN;224/298;EN;NM - Quase nova;1;50,00;50,00;18,99;18,99;5,08;5,08;1,00;1,00;163,30;884,30;https://mypcards.com/riftbound/produto/302551/salvage
Super Mega Death Rocket!;OGN;252/298;EN;NM - Quase nova;1;50,00;50,00;39,00;39,00;25,30;25,30;4,98;4,98;28,21;97,65;https://mypcards.com/riftbound/produto/302583/super-mega-death-rocket
Chaos Rune (Alternate Art);OGN;166A/298;EN;NM - Quase nova;1;50,00;50,00;32,06;32,06;30,48;30,48;6,00;6,00;55,96;64,05;https://mypcards.com/riftbound/produto/302488/chaos-rune-alternate-art
Pyke - Returned (Alternate Art);UNL;145A/219;PT;NM - Quase nova;2;25,00;50,00;20,00;40,00;13,72;27,43;2,70;5,40;25,00;82,28;https://mypcards.com/riftbound/produto/322934/pyke-returned-alternate-art
Vi - Hotheaded (Alternate Art);UNL;030A/219;PT;NM - Quase nova;1;40,00;40,00;22,98;22,98;10,92;10,92;2,15;2,15;74,06;266,25;https://mypcards.com/riftbound/produto/322913/vi-hotheaded-alternate-art
Calm Rune (Alternate Art);OGN;042A/298;EN;NM - Quase nova;1;40,00;40,00;24,88;24,88;26,52;26,52;5,22;5,22;60,77;50,85;https://mypcards.com/riftbound/produto/302351/calm-rune-alternate-art
Poppy - Paragon (Alternate Art);UNL;116A/219;EN;NM - Quase nova;1;40,00;40,00;20,00;20,00;4,17;4,17;0,82;0,82;100,00;860,29;https://mypcards.com/riftbound/produto/323030/poppy-paragon-alternate-art
Siphon Power;OGN;266/298;EN;NM - Quase nova;2;20,00;40,00;15,00;30,00;4,83;9,65;0,95;1,90;33,33;314,44;https://mypcards.com/riftbound/produto/302597/siphon-power
Mind Rune (Alternate Art);OGN;089A/298;EN;NM - Quase nova;1;35,00;35,00;31,00;31,00;27,79;27,79;5,47;5,47;12,90;25,96;https://mypcards.com/riftbound/produto/302403/mind-rune-alternate-art
Order Rune (Alternate Art);OGN;214A/298;EN;NM - Quase nova;1;35,00;35,00;29,00;29,00;24,23;24,23;4,77;4,77;20,69;44,45;https://mypcards.com/riftbound/produto/302541/order-rune-alternate-art
Poppy - Defender of the Meek;UNL;178/219;EN;NM - Quase nova;1;32,00;32,00;6,80;6,80;1,02;1,02;0,20;0,20;370,59;3049,76;https://mypcards.com/riftbound/produto/323036/poppy-defender-of-the-meek
Master Yi - Tempered (Alternate Art);UNL;113A/219;PT;NM - Quase nova;1;30,00;30,00;25,00;25,00;12,70;12,70;2,50;2,50;20,00;136,23;https://mypcards.com/riftbound/produto/322927/master-yi-tempered-alternate-art
Master Yi - Unstoppable;UNL;059/219;PT;NM - Quase nova;1;30,00;30,00;18,50;18,50;3,81;3,81;0,75;0,75;62,16;687,44;https://mypcards.com/riftbound/produto/322854/master-yi-unstoppable
Diana - Lunari (Alternate Art);UNL;079A/219;PT;NM - Quase nova;1;30,00;30,00;27,87;27,87;32,71;32,71;6,44;6,44;7,64;-8,30;https://mypcards.com/riftbound/produto/323001/diana-lunari-alternate-art
Rengar - Unseen (Alternate Art);UNL;024A/219;PT;NM - Quase nova;1;30,00;30,00;21,98;21,98;12,60;12,60;2,48;2,48;36,49;138,14;https://mypcards.com/riftbound/produto/322990/rengar-unseen-alternate-art
Dragon's Rage;OGN;258/298;EN;NM - Quase nova;1;30,00;30,00;14,31;14,31;2,54;2,54;0,50;0,50;109,64;1081,16;https://mypcards.com/riftbound/produto/302589/dragons-rage
Leona - Determined (Alternate Art);OGN;238A/298;EN;NM - Quase nova;1;30,00;30,00;22,00;22,00;8,74;8,74;1,72;1,72;36,36;243,36;https://mypcards.com/riftbound/produto/302566/leona-determined-alternate-art
Fury Rune (Alternate Art);OGN;007A/298;EN;NM - Quase nova;1;30,00;30,00;20,00;20,00;12,65;12,65;2,49;2,49;50,00;137,18;https://mypcards.com/riftbound/produto/302311/fury-rune-alternate-art
Ivern - Nurturer (Alternate Art);UNL;051A/219;EN;NM - Quase nova;1;30,00;30,00;12,00;12,00;2,79;2,79;0,55;0,55;150,00;973,78;https://mypcards.com/riftbound/produto/322921/ivern-nurturer-alternate-art
Evelynn - Entrancing;UNL;141/219;EN;NM - Quase nova;3;10,00;30,00;7,99;23,97;0,97;2,90;0,19;0,57;25,16;936,11;https://mypcards.com/riftbound/produto/323055/evelynn-entrancing
Carnivorous Snapvine;OGN;149/298;EN;NM - Quase nova;5;6,00;30,00;2,95;14,75;0,05;0,25;0,01;0,05;103,39;11711,60;https://mypcards.com/riftbound/produto/302466/carnivorous-snapvine
Irelia - Graceful;SFD;141/221;EN;NM - Quase nova;5;6,00;30,00;0,45;2,25;0,10;0,51;0,02;0,10;1233,33;5805,80;https://mypcards.com/riftbound/produto/306554/irelia-graceful
Jayce - Man of Progress;SFD;084/221;EN;NM - Quase nova;6;5,00;30,00;0,70;4,20;0,15;0,91;0,03;0,18;614,29;3181,00;https://mypcards.com/riftbound/produto/306652/jayce-man-of-progress
Darius - Trifarian;OGN;027/298;EN;NM - Quase nova;1;25,00;25,00;19,00;19,00;6,35;6,35;1,25;1,25;31,58;293,72;https://mypcards.com/riftbound/produto/302331/darius-trifarian
Stormbringer;OGN;250/298;EN;NM - Quase nova;1;25,00;25,00;20,00;20,00;15,09;15,09;2,97;2,97;25,00;65,71;https://mypcards.com/riftbound/produto/302581/stormbringer
Death from Below;UNL;186/219;EN;NM - Quase nova;1;25,00;25,00;20,00;20,00;2,54;2,54;0,50;0,50;25,00;884,30;https://mypcards.com/riftbound/produto/323059/death-from-below
Kai'Sa - Evolutionary (Alternate Art);OGN;112A/298;EN;NM - Quase nova;1;25,00;25,00;20,00;20,00;40,59;40,59;7,99;7,99;25,00;-38,40;https://mypcards.com/riftbound/produto/302427/kaisa-evolutionary-alternate-art
Volibear - Furious (Alternate Art);OGN;041A/298;EN;NM - Quase nova;1;25,00;25,00;18,00;18,00;10,87;10,87;2,14;2,14;38,89;129,98;https://mypcards.com/riftbound/produto/302349/volibear-furious-alternate-art
Rengar - Unseen;UNL;024/219;EN;NM - Quase nova;2;12,00;24,00;2,49;4,98;0,15;0,30;0,03;0,06;381,93;7774,40;https://mypcards.com/riftbound/produto/322989/rengar-unseen
Sprite Mother;OGN;106/298;PT;NM - Quase nova;3;8,00;24,00;1,00;3,00;0,51;1,52;0,10;0,30;700,00;1474,88;https://mypcards.com/riftbound/produto/302420/sprite-mother
Tasty Faefolk;OGN;075/298;PT;NM - Quase nova;3;8,00;24,00;7,00;21,00;1,98;5,94;0,39;1,17;14,29;303,82;https://mypcards.com/riftbound/produto/302385/tasty-faefolk
Harnessed Dragon;OGN;234/298;EN;NM - Quase nova;3;8,00;24,00;5,90;17,70;3,96;11,89;0,78;2,34;35,59;101,91;https://mypcards.com/riftbound/produto/302561/harnessed-dragon
Ezreal - Dashing;SFD;082/221;EN;NM - Quase nova;6;4,00;24,00;0,70;4,20;0,05;0,30;0,01;0,06;471,43;7774,40;https://mypcards.com/riftbound/produto/306624/ezreal-dashing
Irresistible Faefolk;UNL;112/219;PT;NM - Quase nova;1;20,00;20,00;18,00;18,00;10,16;10,16;2,00;2,00;11,11;96,86;https://mypcards.com/riftbound/produto/323107/irresistible-faefolk
Volibear - Furious;OGN;041/298;EN;NM - Quase nova;1;20,00;20,00;11,00;11,00;3,05;3,05;0,60;0,60;81,82;556,20;https://mypcards.com/riftbound/produto/302348/volibear-furious
Leona - Zealot;OGN;079/298;PT;NM - Quase nova;1;20,00;20,00;15,00;15,00;8,18;8,18;1,61;1,61;33,33;144,55;https://mypcards.com/riftbound/produto/302391/leona-zealot
Sett - Kingpin (Alternate Art);OGN;240A/298;EN;NM - Quase nova;1;20,00;20,00;7,56;7,56;3,81;3,81;0,75;0,75;164,55;424,96;https://mypcards.com/riftbound/produto/302569/sett-kingpin-alternate-art
Volibear - Imposing (Alternate Art);OGN;158A/298;EN;NM - Quase nova;1;20,00;20,00;19,99;19,99;3,81;3,81;0,75;0,75;0,05;424,96;https://mypcards.com/riftbound/produto/302477/volibear-imposing-alternate-art
LeBlanc - Fragmented;UNL;172/219;EN;NM - Quase nova;2;10,00;20,00;5,00;10,00;0,51;1,02;0,10;0,20;100,00;1868,60;https://mypcards.com/riftbound/produto/323015/leblanc-fragmented
World Atlas;SFD;086/221;EN;NM - Quase nova;5;4,00;20,00;0,27;1,35;0,10;0,51;0,02;0,10;1381,48;3837,20;https://mypcards.com/riftbound/produto/306589/world-atlas
Fiora - Peerless;SFD;110/221;EN;NM - Quase nova;5;4,00;20,00;0,40;2,00;0,05;0,25;0,01;0,05;900,00;7774,40;https://mypcards.com/riftbound/produto/306700/fiora-peerless
Imperial Decree;OGN;221/298;PT;NM - Quase nova;3;6,00;18,00;3,00;9,00;1,52;4,57;0,30;0,90;100,00;293,72;https://mypcards.com/riftbound/produto/302548/imperial-decree
Jax - Unmatched;SFD;054/221;EN;NM - Quase nova;6;3,00;18,00;0,68;4,08;0,15;0,91;0,03;0,18;341,18;1868,60;https://mypcards.com/riftbound/produto/306639/jax-unmatched
Bard - Mercurial;SFD;079/221;EN;NM - Quase nova;6;3,00;18,00;0,40;2,40;0,10;0,61;0,02;0,12;650,00;2852,90;https://mypcards.com/riftbound/produto/306650/bard-mercurial
Long Sword;SFD;022/221;EN;NM - Quase nova;4;4,00;16,00;0,75;3,00;0,46;1,83;0,09;0,36;433,33;774,93;https://mypcards.com/riftbound/produto/306533/long-sword
Hextech Gauntlets;UNL;188/219;EN;NM - Quase nova;1;15,00;15,00;7,47;7,47;1,27;1,27;0,25;0,25;100,80;1081,16;https://mypcards.com/riftbound/produto/322959/hextech-gauntlets
Sivir - Ambitious;SFD;120/221;EN;NM - Quase nova;1;15,00;15,00;0,99;0,99;1,27;1,27;0,25;0,25;1415,15;1081,16;https://mypcards.com/riftbound/produto/306665/sivir-ambitious
Kha'Zix - Evolving Hunter;UNL;119/219;EN;NM - Quase nova;1;15,00;15,00;10,34;10,34;2,03;2,03;0,40;0,40;45,07;638,22;https://mypcards.com/riftbound/produto/322928/khazix-evolving-hunter
Darius - Executioner;OGN;243/298;EN;NM - Quase nova;1;15,00;15,00;7,43;7,43;2,03;2,03;0,40;0,40;101,88;638,22;https://mypcards.com/riftbound/produto/302572/darius-executioner
Vex - Cheerless;SFD;146/221;EN;NM - Quase nova;3;5,00;15,00;2,49;7,47;1,02;3,05;0,20;0,60;100,80;392,15;https://mypcards.com/riftbound/produto/306623/vex-cheerless
Unyielding Spirit;OGN;145/298;PT;NM - Quase nova;3;5,00;15,00;3,00;9,00;1,27;3,81;0,25;0,75;66,67;293,72;https://mypcards.com/riftbound/produto/302462/unyielding-spirit
Vi - Destructive;OGN;036/298;PT;NM - Quase nova;3;5,00;15,00;2,87;8,61;0,76;2,29;0,15;0,45;74,22;556,20;https://mypcards.com/riftbound/produto/302342/vi-destructive
Vayne - Hunter;OGN;035/298;PT;NM - Quase nova;3;5,00;15,00;3,95;11,85;1,02;3,05;0,20;0,60;26,58;392,15;https://mypcards.com/riftbound/produto/302341/vayne-hunter
Sett - Kingpin;OGN;240/298;PT;NM - Quase nova;3;5,00;15,00;1,00;3,00;0,46;1,37;0,09;0,27;400,00;993,67;https://mypcards.com/riftbound/produto/302568/sett-kingpin
Udyr - Wildman;OGN;157/298;EN;NM - Quase nova;3;5,00;15,00;1,20;3,60;0,51;1,52;0,10;0,30;316,67;884,30;https://mypcards.com/riftbound/produto/302475/udyr-wildman
Machine Evangel;OGN;239/298;EN;NM - Quase nova;3;5,00;15,00;1,99;5,97;0,51;1,52;0,10;0,30;151,26;884,30;https://mypcards.com/riftbound/produto/302567/machine-evangel
Honeyfruit;UNL;049/219;EN;NM - Quase nova;3;5,00;15,00;0,87;2,61;0,05;0,15;0,01;0,03;474,71;9743,00;https://mypcards.com/riftbound/produto/323054/honeyfruit
Blitzcrank - Impassive;OGN;067/298;EN;NM - Quase nova;3;5,00;15,00;3,00;9,00;1,98;5,94;0,39;1,17;66,67;152,38;https://mypcards.com/riftbound/produto/302377/blitzcrank-impassive
Janna - Savior;SFD;053/221;EN;NM - Quase nova;3;5,00;15,00;1,00;3,00;0,51;1,52;0,10;0,30;400,00;884,30;https://mypcards.com/riftbound/produto/306693/janna-savior
Heart of Dark Ice;SFD;052/221;EN;NM - Quase nova;5;3,00;15,00;0,49;2,45;0,51;2,54;0,10;0,50;512,24;490,58;https://mypcards.com/riftbound/produto/306765/heart-of-dark-ice
Spirit Wheel;SFD;144/221;EN;NM - Quase nova;5;3,00;15,00;0,36;1,80;0,15;0,76;0,03;0,15;733,33;1868,60;https://mypcards.com/riftbound/produto/306745/spirit-wheel
Anivia - Primal;OGN;148/298;EN;NM - Quase nova;2;7,00;14,00;2,00;4,00;0,46;0,91;0,09;0,18;250,00;1431,13;https://mypcards.com/riftbound/produto/302465/anivia-primal
Convergent Mutation;OGN;108/298;EN;NM - Quase nova;7;2,00;14,00;0,33;2,31;0,05;0,36;0,01;0,07;506,06;3837,20;https://mypcards.com/riftbound/produto/302422/convergent-mutation
Bandle Soldier;UNL;151/219;PT;NM - Quase nova;13;1,00;13,00;0,18;2,34;0,05;0,66;0,01;0,13;455,56;1868,60;https://mypcards.com/riftbound/produto/323115/bandle-soldier
Moonlight Affliction;UNL;066/219;PT;NM - Quase nova;13;1,00;13,00;0,18;2,34;0,05;0,66;0,01;0,13;455,56;1868,60;https://mypcards.com/riftbound/produto/323091/moonlight-affliction
Spectral Centaur;UNL;068/219;PT;NM - Quase nova;13;1,00;13,00;0,18;2,34;0,05;0,66;0,01;0,13;455,56;1868,60;https://mypcards.com/riftbound/produto/323092/spectral-centaur
Noxian Guillotine;OGN;254/298;EN;NM - Quase nova;1;12,00;12,00;6,60;6,60;2,59;2,59;0,51;0,51;81,82;363,20;https://mypcards.com/riftbound/produto/302585/noxian-guillotine
Akshan - Mischievous;SFD;109/221;EN;NM - Quase nova;3;4,00;12,00;3,00;9,00;6,55;19,66;1,29;3,87;33,33;-38,96;https://mypcards.com/riftbound/produto/306805/akshan-mischievous
Catalyst of Aeons;OGN;138/298;EN;NM - Quase nova;3;4,00;12,00;0,50;1,50;1,78;5,33;0,35;1,05;700,00;124,98;https://mypcards.com/riftbound/produto/302455/catalyst-of-aeons
Renata Glasc - Industrialist;SFD;171/221;EN;NM - Quase nova;3;4,00;12,00;0,40;1,20;0,15;0,46;0,03;0,09;900,00;2524,80;https://mypcards.com/riftbound/produto/306617/renata-glasc-industrialist
Ahri - Alluring;OGN;066/298;PT;NM - Quase nova;3;4,00;12,00;3,00;9,00;2,54;7,62;0,50;1,50;33,33;57,49;https://mypcards.com/riftbound/produto/302375/ahri-alluring
Needlessly Large Yordle;SFD;055/221;EN;NM - Quase nova;4;3,00;12,00;0,15;0,60;0,05;0,20;0,01;0,04;1900,00;5805,80;https://mypcards.com/riftbound/produto/306641/needlessly-large-yordle
Assembly Rig;SFD;019/221;EN;NM - Quase nova;4;3,00;12,00;0,18;0,72;0,05;0,20;0,01;0,04;1566,67;5805,80;https://mypcards.com/riftbound/produto/306737/assembly-rig
Rell - Magnetic;SFD;024/221;EN;NM - Quase nova;4;3,00;12,00;0,45;1,80;0,05;0,20;0,01;0,04;566,67;5805,80;https://mypcards.com/riftbound/produto/306597/rell-magnetic
The Harrowing;OGN;198/298;EN;NM - Quase nova;4;3,00;12,00;2,00;8,00;0,76;3,05;0,15;0,60;50,00;293,72;https://mypcards.com/riftbound/produto/302522/the-harrowing
Undertitan;SFD;175/221;EN;NM - Quase nova;4;3,00;12,00;0,49;1,96;0,51;2,03;0,10;0,40;512,24;490,58;https://mypcards.com/riftbound/produto/306669/undertitan
Tactical Retreat;UNL;175/219;EN;NM - Quase nova;6;2,00;12,00;1,25;7,50;0,05;0,30;0,01;0,06;60,00;3837,20;https://mypcards.com/riftbound/produto/323057/tactical-retreat
Rek'Sai - Swarm Queen;SFD;170/221;EN;NM - Quase nova;6;2,00;12,00;0,29;1,74;0,05;0,30;0,01;0,06;589,66;3837,20;https://mypcards.com/riftbound/produto/306608/reksai-swarm-queen
Azir - Ascendant;SFD;050/221;EN;NM - Quase nova;6;2,00;12,00;0,75;4,50;0,10;0,61;0,02;0,12;166,67;1868,60;https://mypcards.com/riftbound/produto/306638/azir-ascendant
Sacred Shears;SFD;172/221;EN;NM - Quase nova;6;2,00;12,00;0,59;3,54;0,15;0,91;0,03;0,18;238,98;1212,40;https://mypcards.com/riftbound/produto/306672/sacred-shears
Kato the Arm;SFD;112/221;EN;NM - Quase nova;6;2,00;12,00;0,19;1,14;0,05;0,30;0,01;0,06;952,63;3837,20;https://mypcards.com/riftbound/produto/306582/kato-the-arm
Forgefire Cape;SFD;190/221;EN;NM - Quase nova;1;10,00;10,00;1,50;1,50;0,46;0,46;0,09;0,09;566,67;2087,33;https://mypcards.com/riftbound/produto/306720/forgefire-cape
Dr. Mundo - Expert;OGN;109/298;PT;NM - Quase nova;1;10,00;10,00;6,99;6,99;0,76;0,76;0,15;0,15;43,06;1212,40;https://mypcards.com/riftbound/produto/302423/dr-mundo-expert
Xin Zhao - Vigilant;SFD;176/221;EN;NM - Quase nova;1;10,00;10,00;1,19;1,19;1,02;1,02;0,20;0,20;740,34;884,30;https://mypcards.com/riftbound/produto/306668/xin-zhao-vigilant
Shurelya's Requiem;SFD;192/221;EN;NM - Quase nova;1;10,00;10,00;3,84;3,84;0,41;0,41;0,08;0,08;160,42;2360,75;https://mypcards.com/riftbound/produto/306727/shurelyas-requiem
Ornn - Forge God;SFD;085/221;EN;NM - Quase nova;2;5,00;10,00;0,60;1,20;0,46;0,91;0,09;0,18;733,33;993,67;https://mypcards.com/riftbound/produto/306653/ornn-forge-god
Ravenborn Tome;OGN;032/298;EN;NM - Quase nova;5;2,00;10,00;0,25;1,25;0,05;0,25;0,01;0,05;700,00;3837,20;https://mypcards.com/riftbound/produto/302338/ravenborn-tome
Mistfall;OGN;152/298;EN;NM - Quase nova;5;2,00;10,00;0,20;1,00;0,05;0,25;0,01;0,05;900,00;3837,20;https://mypcards.com/riftbound/produto/302470/mistfall
Frigid Jewel;UNL;074/219;EN;NM - Quase nova;5;2,00;10,00;0,18;0,90;0,05;0,25;0,01;0,05;1011,11;3837,20;https://mypcards.com/riftbound/produto/322849/frigid-jewel
Smoke and Mirrors;UNL;083/219;EN;NM - Quase nova;3;3,00;9,00;2,49;7,47;1,02;3,05;0,20;0,60;20,48;195,29;https://mypcards.com/riftbound/produto/323080/smoke-and-mirrors
Poppy - Paragon;UNL;116/219;EN;NM - Quase nova;3;3,00;9,00;0,90;2,70;0,51;1,52;0,10;0,30;233,33;490,58;https://mypcards.com/riftbound/produto/322998/poppy-paragon
Grand Strategem;OGN;233/298;EN;NM - Quase nova;3;3,00;9,00;2,50;7,50;1,02;3,05;0,20;0,60;20,00;195,29;https://mypcards.com/riftbound/produto/302560/grand-strategem
Trinity Force;SFD;115/221;EN;NM - Quase nova;3;3,00;9,00;1,20;3,60;0,51;1,52;0,10;0,30;150,00;490,58;https://mypcards.com/riftbound/produto/306527/trinity-force
Caitlyn - Patrolling;OGN;068/298;EN;NM - Quase nova;3;3,00;9,00;1,50;4,50;0,61;1,83;0,12;0,36;100,00;392,15;https://mypcards.com/riftbound/produto/302378/caitlyn-patrolling
Katarina - Reckless;UNL;023/219;EN;NM - Quase nova;3;3,00;9,00;0,88;2,64;0,10;0,30;0,02;0,06;240,91;2852,90;https://mypcards.com/riftbound/produto/323096/katarina-reckless
Yuumi - Magical Cat;UNL;056/219;EN;NM - Quase nova;3;3,00;9,00;0,49;1,47;0,05;0,15;0,01;0,03;512,24;5805,80;https://mypcards.com/riftbound/produto/322909/yuumi-magical-cat
Tryndamere - Barbarian;OGN;034/298;EN;NM - Quase nova;3;3,00;9,00;0,48;1,44;0,10;0,30;0,02;0,06;525,00;2852,90;https://mypcards.com/riftbound/produto/302340/tryndamere-barbarian
Undying Legion;UNL;025/219;EN;NM - Quase nova;3;3,00;9,00;0,35;1,05;0,05;0,15;0,01;0,03;757,14;5805,80;https://mypcards.com/riftbound/produto/323018/undying-legion
Noxus Hopeful;OGN;012/298;EN;NM - Quase nova;1;8,00;8,00;0,15;0,15;0,76;0,76;0,15;0,15;5233,33;949,92;https://mypcards.com/riftbound/produto/302316/noxus-hopeful
Albus Ferros;OGN;230/298;EN;NM - Quase nova;4;2,00;8,00;0,10;0,40;0,05;0,20;0,01;0,04;1900,00;3837,20;https://mypcards.com/riftbound/produto/302557/albus-ferros
Mageseeker Warden;OGN;070/298;EN;NM - Quase nova;4;2,00;8,00;0,25;1,00;0,20;0,81;0,04;0,16;700,00;884,30;https://mypcards.com/riftbound/produto/302380/mageseeker-warden
Jae Medarda;SFD;142/221;EN;NM - Quase nova;4;2,00;8,00;0,17;0,68;0,05;0,20;0,01;0,04;1076,47;3837,20;https://mypcards.com/riftbound/produto/306673/jae-medarda
Chemtech Enforcer;OGN;003/298;EN;NM - Quase nova;7;1,00;7,00;0,09;0,63;0,05;0,36;0,01;0,07;1011,11;1868,60;https://mypcards.com/riftbound/produto/302306/chemtech-enforcer
Blastcone Fae;OGN;097/298;PT;NM - Quase nova;2;3,00;6,00;0,24;0,48;0,25;0,51;0,05;0,10;1150,00;1081,16;https://mypcards.com/riftbound/produto/302411/blastcone-fae
Taric - Protector;OGN;074/298;EN;NM - Quase nova;2;3,00;6,00;0,80;1,60;0,30;0,61;0,06;0,12;275,00;884,30;https://mypcards.com/riftbound/produto/302384/taric-protector
Commander Ledros;OGN;231/298;EN;NM - Quase nova;2;3,00;6,00;0,96;1,92;0,05;0,10;0,01;0,02;212,50;5805,80;https://mypcards.com/riftbound/produto/302558/commander-ledros
Ivern - Nurturer;UNL;051/219;EN;NM - Quase nova;2;3,00;6,00;0,75;1,50;0,10;0,20;0,02;0,04;300,00;2852,90;https://mypcards.com/riftbound/produto/322902/ivern-nurturer
Sivir - Mercenary;SFD;143/221;EN;NM - Quase nova;2;3,00;6,00;0,25;0,50;0,05;0,10;0,01;0,02;1100,00;5805,80;https://mypcards.com/riftbound/produto/306703/sivir-mercenary
Heimerdinger - Inventor;OGN;111/298;PT;NM - Quase nova;3;2,00;6,00;1,90;5,70;0,97;2,90;0,19;0,57;5,26;107,22;https://mypcards.com/riftbound/produto/302425/heimerdinger-inventor
Rocket Barrage;SFD;077/221;PT;NM - Quase nova;3;2,00;6,00;0,14;0,42;0,41;1,22;0,08;0,24;1328,57;392,15;https://mypcards.com/riftbound/produto/306687/rocket-barrage
Abandon;UNL;131/219;EN;NM - Quase nova;3;2,00;6,00;0,27;0,81;1,02;3,05;0,20;0,60;640,74;96,86;https://mypcards.com/riftbound/produto/322851/abandon
Lillia - Fae Fawn;UNL;082/219;EN;NM - Quase nova;3;2,00;6,00;1,75;5,25;0,51;1,52;0,10;0,30;14,29;293,72;https://mypcards.com/riftbound/produto/323102/lillia-fae-fawn
Dancing Grenade;UNL;020/219;PT;NM - Quase nova;3;2,00;6,00;0,70;2,10;0,05;0,15;0,01;0,03;185,71;3837,20;https://mypcards.com/riftbound/produto/322880/dancing-grenade
Shard of Undoing;UNL;174/219;EN;NM - Quase nova;3;2,00;6,00;0,85;2,55;0,15;0,46;0,03;0,09;135,29;1212,40;https://mypcards.com/riftbound/produto/323119/shard-of-undoing
Solari Shrine;OGN;072/298;EN;NM - Quase nova;3;2,00;6,00;0,23;0,69;0,05;0,15;0,01;0,03;769,57;3837,20;https://mypcards.com/riftbound/produto/302382/solari-shrine
Last Stand;OGN;069/298;EN;NM - Quase nova;3;2,00;6,00;0,99;2,97;0,25;0,76;0,05;0,15;102,02;687,44;https://mypcards.com/riftbound/produto/302379/last-stand
Repulse;UNL;106/219;EN;NM - Quase nova;3;2,00;6,00;0,50;1,50;0,76;2,29;0,15;0,45;300,00;162,48;https://mypcards.com/riftbound/produto/323105/repulse
Conscription;UNL;140/219;EN;NM - Quase nova;3;2,00;6,00;0,28;0,84;0,05;0,15;0,01;0,03;614,29;3837,20;https://mypcards.com/riftbound/produto/323113/conscription
King's Edict;OGN;237/298;EN;NM - Quase nova;3;2,00;6,00;0,90;2,70;0,25;0,76;0,05;0,15;122,22;687,44;https://mypcards.com/riftbound/produto/302564/kings-edict
Iascylla;UNL;050/219;EN;NM - Quase nova;3;2,00;6,00;0,75;2,25;0,05;0,15;0,01;0,03;166,67;3837,20;https://mypcards.com/riftbound/produto/322875/iascylla
Atakhan;UNL;170/219;EN;NM - Quase nova;3;2,00;6,00;0,85;2,55;0,05;0,15;0,01;0,03;135,29;3837,20;https://mypcards.com/riftbound/produto/322890/atakhan
Maduli the Gatekeeper;UNL;144/219;EN;NM - Quase nova;3;2,00;6,00;0,22;0,66;0,05;0,15;0,01;0,03;809,09;3837,20;https://mypcards.com/riftbound/produto/323082/maduli-the-gatekeeper
Clash of Giants;UNL;110/219;EN;NM - Quase nova;3;2,00;6,00;0,33;0,99;0,05;0,15;0,01;0,03;506,06;3837,20;https://mypcards.com/riftbound/produto/323106/clash-of-giants
Blood Rose;UNL;109/219;EN;NM - Quase nova;3;2,00;6,00;0,40;1,20;0,05;0,15;0,01;0,03;400,00;3837,20;https://mypcards.com/riftbound/produto/322985/blood-rose
Keeper of Masks;UNL;081/219;EN;NM - Quase nova;3;2,00;6,00;0,90;2,70;0,15;0,46;0,03;0,09;122,22;1212,40;https://mypcards.com/riftbound/produto/323101/keeper-of-masks
Zilean - Time Mage;UNL;086/219;EN;NM - Quase nova;3;2,00;6,00;1,00;3,00;0,05;0,15;0,01;0,03;100,00;3837,20;https://mypcards.com/riftbound/produto/322979/zilean-time-mage
Xerath - Freed;UNL;026/219;EN;NM - Quase nova;3;2,00;6,00;0,80;2,40;0,15;0,46;0,03;0,09;150,00;1212,40;https://mypcards.com/riftbound/produto/323026/xerath-freed
Trove Golem;SFD;174/221;EN;NM - Quase nova;3;2,00;6,00;0,34;1,02;0,15;0,46;0,03;0,09;488,24;1212,40;https://mypcards.com/riftbound/produto/306670/trove-golem
Altar of Memories;SFD;169/221;EN;NM - Quase nova;3;2,00;6,00;0,40;1,20;0,15;0,46;0,03;0,09;400,00;1212,40;https://mypcards.com/riftbound/produto/306590/altar-of-memories
Sumpworks Map;UNL;085/219;EN;NM - Quase nova;3;2,00;6,00;0,37;1,11;0,05;0,15;0,01;0,03;440,54;3837,20;https://mypcards.com/riftbound/produto/323019/sumpworks-map
Blind Fury;OGN;025/298;EN;NM - Quase nova;3;2,00;6,00;0,69;2,07;0,15;0,46;0,03;0,09;189,86;1212,40;https://mypcards.com/riftbound/produto/302329/blind-fury
Yone - Blademaster;SFD;116/221;EN;NM - Quase nova;3;2,00;6,00;0,44;1,32;0,05;0,15;0,01;0,03;354,55;3837,20;https://mypcards.com/riftbound/produto/306593/yone-blademaster
Scrapheap;OGN;182/298;EN;NM - Quase nova;3;2,00;6,00;0,40;1,20;0,15;0,46;0,03;0,09;400,00;1212,40;https://mypcards.com/riftbound/produto/302504/scrapheap
Call to Glory;OGN;207/298;EN;NM - Quase nova;6;1,00;6,00;0,23;1,38;0,15;0,91;0,03;0,18;334,78;556,20;https://mypcards.com/riftbound/produto/302533/call-to-glory
Soaring Scout;OGN;216/298;PT;NM - Quase nova;6;1,00;6,00;0,12;0,72;0,15;0,91;0,03;0,18;733,33;556,20;https://mypcards.com/riftbound/produto/302543/soaring-scout
Stalwart Poro;OGN;052/298;EN;NM - Quase nova;6;1,00;6,00;0,10;0,60;0,15;0,91;0,03;0,18;900,00;556,20;https://mypcards.com/riftbound/produto/302361/stalwart-poro
Crowd Favorite;UNL;102/219;EN;NM - Quase nova;6;1,00;6,00;0,18;1,08;0,05;0,30;0,01;0,06;455,56;1868,60;https://mypcards.com/riftbound/produto/322846/crowd-favorite
Divining Shells;UNL;161/219;EN;NM - Quase nova;6;1,00;6,00;0,20;1,20;0,05;0,30;0,01;0,06;400,00;1868,60;https://mypcards.com/riftbound/produto/323072/divining-shells
Undying Loyalty;UNL;168/219;EN;NM - Quase nova;6;1,00;6,00;0,25;1,50;0,10;0,61;0,02;0,12;300,00;884,30;https://mypcards.com/riftbound/produto/322952/undying-loyalty
Soul Shepherd;UNL;077/219;EN;NM - Quase nova;6;1,00;6,00;0,25;1,50;0,05;0,30;0,01;0,06;300,00;1868,60;https://mypcards.com/riftbound/produto/322951/soul-shepherd
Stalking Wolf;UNL;166/219;EN;NM - Quase nova;6;1,00;6,00;0,18;1,08;0,05;0,30;0,01;0,06;455,56;1868,60;https://mypcards.com/riftbound/produto/322940/stalking-wolf
Call to Battle;UNL;101/219;EN;NM - Quase nova;6;1,00;6,00;0,18;1,08;0,05;0,30;0,01;0,06;455,56;1868,60;https://mypcards.com/riftbound/produto/322925/call-to-battle
Mosstomper;UNL;047/219;EN;NM - Quase nova;6;1,00;6,00;0,20;1,20;0,05;0,30;0,01;0,06;400,00;1868,60;https://mypcards.com/riftbound/produto/322861/mosstomper
Insightful Investigator;UNL;135/219;EN;NM - Quase nova;6;1,00;6,00;0,19;1,14;0,05;0,30;0,01;0,06;426,32;1868,60;https://mypcards.com/riftbound/produto/322886/insightful-investigator
Friendship;UNL;046/219;EN;NM - Quase nova;6;1,00;6,00;0,20;1,20;0,05;0,30;0,01;0,06;400,00;1868,60;https://mypcards.com/riftbound/produto/322954/friendship
Mageseeker Investigator;UNL;163/219;EN;NM - Quase nova;6;1,00;6,00;0,25;1,50;0,05;0,30;0,01;0,06;300,00;1868,60;https://mypcards.com/riftbound/produto/322956/mageseeker-investigator
Deadly Flourish;UNL;073/219;EN;NM - Quase nova;6;1,00;6,00;0,18;1,08;0,51;3,05;0,10;0,60;455,56;96,86;https://mypcards.com/riftbound/produto/322957/deadly-flourish
Draven - Showboat;OGN;028/298;PT;NM - Quase nova;1;5,00;5,00;3,00;3,00;0,05;0,05;0,01;0,01;66,67;9743,00;https://mypcards.com/riftbound/produto/302333/draven-showboat
Shen - Kinkou;OGN;241/298;PT;NM - Quase nova;1;5,00;5,00;4,50;4,50;0,51;0,51;0,10;0,10;11,11;884,30;https://mypcards.com/riftbound/produto/302570/shen-kinkou
Shadow Watcher;UNL;037/219;PT;NM - Quase nova;5;1,00;5,00;0,18;0,90;0,05;0,25;0,01;0,05;455,56;1868,60;https://mypcards.com/riftbound/produto/322914/shadow-watcher
Confront;OGN;129/298;EN;NM - Quase nova;5;1,00;5,00;0,10;0,50;0,05;0,25;0,01;0,05;900,00;1868,60;https://mypcards.com/riftbound/produto/302446/confront
Flame Chompers;OGN;006/298;EN;NM - Quase nova;5;1,00;5,00;0,10;0,50;0,05;0,25;0,01;0,05;900,00;1868,60;https://mypcards.com/riftbound/produto/302309/flame-chompers
Blazing Scorcher;OGN;001/298;EN;NM - Quase nova;5;1,00;5,00;0,10;0,50;0,05;0,25;0,01;0,05;900,00;1868,60;https://mypcards.com/riftbound/produto/302304/blazing-scorcher
Legion Rearguard;OGN;010/298;EN;NM - Quase nova;5;1,00;5,00;0,10;0,50;0,05;0,25;0,01;0,05;900,00;1868,60;https://mypcards.com/riftbound/produto/302314/legion-rearguard
Sneaky Deckhand;OGN;176/298;EN;NM - Quase nova;5;1,00;5,00;0,23;1,15;0,15;0,76;0,03;0,15;334,78;556,20;https://mypcards.com/riftbound/produto/302498/sneaky-deckhand
Back to Back;OGN;206/298;EN;NM - Quase nova;5;1,00;5,00;0,10;0,50;0,05;0,25;0,01;0,05;900,00;1868,60;https://mypcards.com/riftbound/produto/302532/back-to-back
Fight or Flight;OGN;168/298;EN;NM - Quase nova;5;1,00;5,00;0,14;0,70;0,05;0,25;0,01;0,05;614,29;1868,60;https://mypcards.com/riftbound/produto/302490/fight-or-flight
Fresh Beans;UNL;011/219;EN;NM - Quase nova;5;1,00;5,00;0,20;1,00;0,05;0,25;0,01;0,05;400,00;1868,60;https://mypcards.com/riftbound/produto/322908/fresh-beans
Soulgorger;OGN;196/298;EN;NM - Quase nova;1;4,00;4,00;1,87;1,87;0,97;0,97;0,19;0,19;113,90;314,44;https://mypcards.com/riftbound/produto/302519/soulgorger
Kayn - Unleashed;OGN;189/298;PT;NM - Quase nova;1;4,00;4,00;1,73;1,73;0,76;0,76;0,15;0,15;131,21;424,96;https://mypcards.com/riftbound/produto/302511/kayn-unleashed
Ava Achiever;OGN;107/298;EN;NM - Quase nova;2;2,00;4,00;0,50;1,00;0,25;0,51;0,05;0,10;300,00;687,44;https://mypcards.com/riftbound/produto/302421/ava-achiever
Master Yi - Tempered;UNL;113/219;EN;NM - Quase nova;2;2,00;4,00;0,68;1,36;0,05;0,10;0,01;0,02;194,12;3837,20;https://mypcards.com/riftbound/produto/322926/master-yi-tempered
Syndra - Transcendent;UNL;146/219;EN;NM - Quase nova;2;2,00;4,00;1,24;2,48;0,41;0,81;0,08;0,16;61,29;392,15;https://mypcards.com/riftbound/produto/323114/syndra-transcendent
Here to Help;SFD;111/221;EN;NM - Quase nova;2;2,00;4,00;0,19;0,38;0,10;0,20;0,02;0,04;952,63;1868,60;https://mypcards.com/riftbound/produto/306551/here-to-help
Soul Sword;UNL;039/219;PT;NM - Quase nova;4;1,00;4,00;0,18;0,72;0,05;0,20;0,01;0,04;455,56;1868,60;https://mypcards.com/riftbound/produto/322982/soul-sword
Combat Experience;UNL;031/219;EN;NM - Quase nova;4;1,00;4,00;0,10;0,40;0,05;0,20;0,01;0,04;900,00;1868,60;https://mypcards.com/riftbound/produto/322968/combat-experience
Wuju Apprentice;UNL;040/219;PT;NM - Quase nova;4;1,00;4,00;0,18;0,72;0,05;0,20;0,01;0,04;455,56;1868,60;https://mypcards.com/riftbound/produto/323097/wuju-apprentice
Revna the Lorekeeper;UNL;005/219;PT;NM - Quase nova;4;1,00;4,00;0,18;0,72;0,05;0,20;0,01;0,04;455,56;1868,60;https://mypcards.com/riftbound/produto/323006/revna-the-lorekeeper
Heroic Charge;UNL;155/219;PT;NM - Quase nova;4;1,00;4,00;0,18;0,72;0,05;0,20;0,01;0,04;455,56;1868,60;https://mypcards.com/riftbound/produto/323033/heroic-charge
Dramatic Visionary;UNL;062/219;PT;NM - Quase nova;4;1,00;4,00;0,18;0,72;0,05;0,20;0,01;0,04;455,56;1868,60;https://mypcards.com/riftbound/produto/323062/dramatic-visionary
Towering Combatant;UNL;099/219;PT;NM - Quase nova;4;1,00;4,00;0,18;0,72;0,05;0,20;0,01;0,04;455,56;1868,60;https://mypcards.com/riftbound/produto/323104/towering-combatant
Smite;UNL;007/219;PT;NM - Quase nova;4;1,00;4,00;0,18;0,72;0,05;0,20;0,01;0,04;455,56;1868,60;https://mypcards.com/riftbound/produto/322872/smite
Pit Rookie;OGN;136/298;EN;NM - Quase nova;4;1,00;4,00;0,10;0,40;0,05;0,20;0,01;0,04;900,00;1868,60;https://mypcards.com/riftbound/produto/302453/pit-rookie
Hextech Ray;OGN;009/298;EN;NM - Quase nova;4;1,00;4,00;0,19;0,76;0,05;0,20;0,01;0,04;426,32;1868,60;https://mypcards.com/riftbound/produto/302313/hextech-ray
Cleave;OGN;004/298;EN;NM - Quase nova;4;1,00;4,00;0,15;0,60;0,05;0,20;0,01;0,04;566,67;1868,60;https://mypcards.com/riftbound/produto/302307/cleave
Disintegrate;OGN;005/298;EN;NM - Quase nova;4;1,00;4,00;0,14;0,56;0,05;0,20;0,01;0,04;614,29;1868,60;https://mypcards.com/riftbound/produto/302308/disintegrate
Falling Comet;OGN;085/298;EN;NM - Quase nova;4;1,00;4,00;0,15;0,60;0,15;0,61;0,03;0,12;566,67;556,20;https://mypcards.com/riftbound/produto/302398/falling-comet
Stupefy;OGN;095/298;EN;NM - Quase nova;4;1,00;4,00;0,15;0,60;0,51;2,03;0,10;0,40;566,67;96,86;https://mypcards.com/riftbound/produto/302409/stupefy
The List;UNL;138/219;EN;NM - Quase nova;4;1,00;4,00;0,20;0,80;0,05;0,20;0,01;0,04;400,00;1868,60;https://mypcards.com/riftbound/produto/322933/the-list
Rumble - Hotheaded;SFD;026/221;EN;NM - Quase nova;1;3,00;3,00;0,18;0,18;0,10;0,10;0,02;0,02;1566,67;2852,90;https://mypcards.com/riftbound/produto/306739/rumble-hotheaded
Kai'Sa - Evolutionary;OGN;112/298;PT;NM - Quase nova;1;3,00;3,00;2,95;2,95;0,97;0,97;0,19;0,19;1,69;210,83;https://mypcards.com/riftbound/produto/302426/kaisa-evolutionary
Walking Roost;UNL;130/219;PT;NM - Quase nova;3;1,00;3,00;0,15;0,45;0,05;0,15;0,01;0,03;566,67;1868,60;https://mypcards.com/riftbound/produto/322931/walking-roost
Trevor Snoozebottom;UNL;048/219;EN;NM - Quase nova;3;1,00;3,00;0,18;0,54;0,05;0,15;0,01;0,03;455,56;1868,60;https://mypcards.com/riftbound/produto/323090/trevor-snoozebottom
Imposing Challenger;UNL;105/219;EN;NM - Quase nova;3;1,00;3,00;0,20;0,60;0,05;0,15;0,01;0,03;400,00;1868,60;https://mypcards.com/riftbound/produto/323094/imposing-challenger
Chakram Dancer;UNL;071/219;EN;NM - Quase nova;3;1,00;3,00;0,18;0,54;0,05;0,15;0,01;0,03;455,56;1868,60;https://mypcards.com/riftbound/produto/323093/chakram-dancer
Crimson Pigeons;UNL;154/219;PT;NM - Quase nova;3;1,00;3,00;0,18;0,54;0,05;0,15;0,01;0,03;455,56;1868,60;https://mypcards.com/riftbound/produto/322936/crimson-pigeons
Prepared Neophyte;UNL;004/219;PT;NM - Quase nova;3;1,00;3,00;0,18;0,54;0,05;0,15;0,01;0,03;455,56;1868,60;https://mypcards.com/riftbound/produto/323013/prepared-neophyte
Mister Root;UNL;127/219;PT;NM - Quase nova;3;1,00;3,00;0,18;0,54;0,05;0,15;0,01;0,03;455,56;1868,60;https://mypcards.com/riftbound/produto/323022/mister-root
Right of Conquest;UNL;015/219;PT;NM - Quase nova;3;1,00;3,00;0,18;0,54;0,05;0,15;0,01;0,03;455,56;1868,60;https://mypcards.com/riftbound/produto/323023/right-of-conquest
Gemhand Hunter;UNL;094/219;PT;NM - Quase nova;3;1,00;3,00;0,18;0,54;0,05;0,15;0,01;0,03;455,56;1868,60;https://mypcards.com/riftbound/produto/322855/gemhand-hunter
Monch;UNL;035/219;PT;NM - Quase nova;3;1,00;3,00;0,18;0,54;0,05;0,15;0,01;0,03;455,56;1868,60;https://mypcards.com/riftbound/produto/323024/monch
Voracious Gromp;UNL;100/219;PT;NM - Quase nova;3;1,00;3,00;0,18;0,54;0,05;0,15;0,01;0,03;455,56;1868,60;https://mypcards.com/riftbound/produto/323029/voracious-gromp
Square Up;UNL;017/219;EN;NM - Quase nova;3;1,00;3,00;0,20;0,60;0,05;0,15;0,01;0,03;400,00;1868,60;https://mypcards.com/riftbound/produto/323087/square-up
Abandoned Hall;UNL;205/219;PT;NM - Quase nova;3;1,00;3,00;0,19;0,57;0,05;0,15;0,01;0,03;426,32;1868,60;https://mypcards.com/riftbound/produto/323067/abandoned-hall
Forgotten Signpost;UNL;045/219;PT;NM - Quase nova;3;1,00;3,00;0,18;0,54;0,05;0,15;0,01;0,03;455,56;1868,60;https://mypcards.com/riftbound/produto/323009/forgotten-signpost
Concentrate;UNL;091/219;PT;NM - Quase nova;3;1,00;3,00;0,18;0,54;0,05;0,15;0,01;0,03;455,56;1868,60;https://mypcards.com/riftbound/produto/322984/concentrate
Crescent Guardian;UNL;122/219;PT;NM - Quase nova;3;1,00;3,00;0,18;0,54;0,05;0,15;0,01;0,03;455,56;1868,60;https://mypcards.com/riftbound/produto/322885/crescent-guardian
Inferna;UNL;002/219;PT;NM - Quase nova;3;1,00;3,00;0,18;0,54;0,05;0,15;0,01;0,03;455,56;1868,60;https://mypcards.com/riftbound/produto/322862/inferna
Demacian Diplomat;UNL;092/219;EN;NM - Quase nova;3;1,00;3,00;0,18;0,54;0,05;0,15;0,01;0,03;455,56;1868,60;https://mypcards.com/riftbound/produto/322924/demacian-diplomat
Hunter's Machete;UNL;096/219;PT;NM - Quase nova;3;1,00;3,00;0,18;0,54;0,05;0,15;0,01;0,03;455,56;1868,60;https://mypcards.com/riftbound/produto/322876/hunters-machete
Herald of Spring;UNL;034/219;PT;NM - Quase nova;3;1,00;3,00;0,18;0,54;0,05;0,15;0,01;0,03;455,56;1868,60;https://mypcards.com/riftbound/produto/322983/herald-of-spring
Loyal Poro;UNL;156/219;PT;NM - Quase nova;3;1,00;3,00;0,18;0,54;0,05;0,15;0,01;0,03;455,56;1868,60;https://mypcards.com/riftbound/produto/322937/loyal-poro
Turn to Dust;UNL;070/219;EN;NM - Quase nova;3;1,00;3,00;0,18;0,54;0,05;0,15;0,01;0,03;455,56;1868,60;https://mypcards.com/riftbound/produto/322992/turn-to-dust
Altar of Blood;UNL;206/219;EN;NM - Quase nova;3;1,00;3,00;0,15;0,45;0,05;0,15;0,01;0,03;566,67;1868,60;https://mypcards.com/riftbound/produto/323085/altar-of-blood
Mischevious Marai;UNL;003/219;PT;NM - Quase nova;3;1,00;3,00;0,18;0,54;0,05;0,15;0,01;0,03;455,56;1868,60;https://mypcards.com/riftbound/produto/322911/mischevious-marai
Monster Harpoon;UNL;014/219;EN;NM - Quase nova;3;1,00;3,00;0,18;0,54;0,05;0,15;0,01;0,03;455,56;1868,60;https://mypcards.com/riftbound/produto/323078/monster-harpoon
Sharkling;UNL;006/219;PT;NM - Quase nova;3;1,00;3,00;0,18;0,54;0,05;0,15;0,01;0,03;455,56;1868,60;https://mypcards.com/riftbound/produto/322965/sharkling
Lord Broadmane;UNL;012/219;EN;NM - Quase nova;3;1,00;3,00;0,18;0,54;0,05;0,15;0,01;0,03;455,56;1868,60;https://mypcards.com/riftbound/produto/323060/lord-broadmane
Petal Pixie;UNL;076/219;EN;NM - Quase nova;3;1,00;3,00;0,18;0,54;0,05;0,15;0,01;0,03;455,56;1868,60;https://mypcards.com/riftbound/produto/323064/petal-pixie
Scorchclaw;UNL;016/219;EN;NM - Quase nova;3;1,00;3,00;0,18;0,54;0,05;0,15;0,01;0,03;455,56;1868,60;https://mypcards.com/riftbound/produto/323077/scorchclaw
Ultrasoft Poro;UNL;160/219;PT;NM - Quase nova;3;1,00;3,00;0,18;0,54;0,05;0,15;0,01;0,03;455,56;1868,60;https://mypcards.com/riftbound/produto/322939/ultrasoft-poro
Grim Resolve;UNL;095/219;PT;NM - Quase nova;3;1,00;3,00;0,18;0,54;0,05;0,15;0,01;0,03;455,56;1868,60;https://mypcards.com/riftbound/produto/323068/grim-resolve
Skyward Strike;UNL;038/219;PT;NM - Quase nova;3;1,00;3,00;0,18;0,54;0,05;0,15;0,01;0,03;455,56;1868,60;https://mypcards.com/riftbound/produto/323075/skyward-strike
Arena Kingpin;UNL;001/219;PT;NM - Quase nova;3;1,00;3,00;0,18;0,54;0,05;0,15;0,01;0,03;455,56;1868,60;https://mypcards.com/riftbound/produto/323076/arena-kingpin
Vicious Snapjaws;UNL;129/219;PT;NM - Quase nova;3;1,00;3,00;0,18;0,54;0,05;0,15;0,01;0,03;455,56;1868,60;https://mypcards.com/riftbound/produto/323110/vicious-snapjaws
Soul Harvest;UNL;159/219;PT;NM - Quase nova;3;1,00;3,00;0,18;0,54;0,05;0,15;0,01;0,03;455,56;1868,60;https://mypcards.com/riftbound/produto/323118/soul-harvest
Megatusk;UNL;126/219;PT;NM - Quase nova;3;1,00;3,00;0,10;0,30;0,05;0,15;0,01;0,03;900,00;1868,60;https://mypcards.com/riftbound/produto/322986/megatusk
Towering Pairofant;UNL;008/219;EN;NM - Quase nova;3;1,00;3,00;0,18;0,54;0,05;0,15;0,01;0,03;455,56;1868,60;https://mypcards.com/riftbound/produto/322955/towering-pairofant
Downstage Dramatics;UNL;061/219;PT;NM - Quase nova;3;1,00;3,00;0,18;0,54;0,05;0,15;0,01;0,03;455,56;1868,60;https://mypcards.com/riftbound/produto/322850/downstage-dramatics
Scrutinizing Sergeant;UNL;157/219;PT;NM - Quase nova;3;1,00;3,00;0,18;0,54;0,05;0,15;0,01;0,03;455,56;1868,60;https://mypcards.com/riftbound/produto/322938/scrutinizing-sergeant
Sunlit Guardian;OGN;054/298;PT;NM - Quase nova;3;1,00;3,00;0,10;0,30;0,05;0,15;0,01;0,03;900,00;1868,60;https://mypcards.com/riftbound/produto/302363/sunlit-guardian
Jeweled Colossus;OGN;086/298;PT;NM - Quase nova;3;1,00;3,00;0,16;0,48;0,05;0,15;0,01;0,03;525,00;1868,60;https://mypcards.com/riftbound/produto/302399/jeweled-colossus
Mystic Poro;OGN;171/298;PT;NM - Quase nova;3;1,00;3,00;0,15;0,45;0,05;0,15;0,01;0,03;566,67;1868,60;https://mypcards.com/riftbound/produto/302493/mystic-poro
Solari Shieldbearer;OGN;051/298;PT;NM - Quase nova;3;1,00;3,00;0,13;0,39;0,05;0,15;0,01;0,03;669,23;1868,60;https://mypcards.com/riftbound/produto/302360/solari-shieldbearer
Ruined Rex;UNL;067/219;PT;NM - Quase nova;3;1,00;3,00;0,18;0,54;0,05;0,15;0,01;0,03;455,56;1868,60;https://mypcards.com/riftbound/produto/323074/ruined-rex
Kinkou Initiate;UNL;097/219;PT;NM - Quase nova;3;1,00;3,00;0,18;0,54;0,05;0,15;0,01;0,03;455,56;1868,60;https://mypcards.com/riftbound/produto/323073/kinkou-initiate
Lunar Boon;UNL;125/219;PT;NM - Quase nova;3;1,00;3,00;0,18;0,54;0,05;0,15;0,01;0,03;455,56;1868,60;https://mypcards.com/riftbound/produto/323109/lunar-boon
Isolate;UNL;124/219;PT;NM - Quase nova;3;1,00;3,00;0,18;0,54;0,05;0,15;0,01;0,03;455,56;1868,60;https://mypcards.com/riftbound/produto/323008/isolate
Targonian Visionary;UNL;098/219;PT;NM - Quase nova;3;1,00;3,00;0,14;0,42;0,05;0,15;0,01;0,03;614,29;1868,60;https://mypcards.com/riftbound/produto/323012/targonian-visionary
Frisky Hunter;UNL;033/219;PT;NM - Quase nova;3;1,00;3,00;0,18;0,54;0,05;0,15;0,01;0,03;455,56;1868,60;https://mypcards.com/riftbound/produto/323061/frisky-hunter
Black Rose Dignitary;UNL;152/219;PT;NM - Quase nova;3;1,00;3,00;0,18;0,54;0,05;0,15;0,01;0,03;455,56;1868,60;https://mypcards.com/riftbound/produto/323066/black-rose-dignitary
Faithful Manufactor;OGN;211/298;PT;NM - Quase nova;3;1,00;3,00;0,16;0,48;0,15;0,46;0,03;0,09;525,00;556,20;https://mypcards.com/riftbound/produto/302537/faithful-manufactor
Sprite Burst;UNL;069/219;PT;NM - Quase nova;3;1,00;3,00;0,18;0,54;0,05;0,15;0,01;0,03;455,56;1868,60;https://mypcards.com/riftbound/produto/323070/sprite-burst
Bewitching Spirit;UNL;121/219;PT;NM - Quase nova;3;1,00;3,00;0,18;0,54;0,05;0,15;0,01;0,03;455,56;1868,60;https://mypcards.com/riftbound/produto/323031/bewitching-spirit
Evershade Stalker;UNL;123/219;PT;NM - Quase nova;3;1,00;3,00;0,18;0,54;0,05;0,15;0,01;0,03;455,56;1868,60;https://mypcards.com/riftbound/produto/323032/evershade-stalker
Fate Weaver;UNL;064/219;PT;NM - Quase nova;3;1,00;3,00;0,18;0,54;0,05;0,15;0,01;0,03;455,56;1868,60;https://mypcards.com/riftbound/produto/323050/fate-weaver
Carrion Dredger;UNL;153/219;PT;NM - Quase nova;3;1,00;3,00;0,18;0,54;0,05;0,15;0,01;0,03;455,56;1868,60;https://mypcards.com/riftbound/produto/323116/carrion-dredger
Shepherd's Heirloom;UNL;158/219;PT;NM - Quase nova;3;1,00;3,00;0,18;0,54;0,05;0,15;0,01;0,03;455,56;1868,60;https://mypcards.com/riftbound/produto/323117/shepherds-heirloom
Mutated Mouser;UNL;036/219;PT;NM - Quase nova;3;1,00;3,00;0,15;0,45;0,05;0,15;0,01;0,03;566,67;1868,60;https://mypcards.com/riftbound/produto/322847/mutated-mouser
Double Trouble;UNL;032/219;PT;NM - Quase nova;3;1,00;3,00;0,18;0,54;0,05;0,15;0,01;0,03;455,56;1868,60;https://mypcards.com/riftbound/produto/323088/double-trouble
Stand United;OGN;053/298;PT;NM - Quase nova;3;1,00;3,00;0,14;0,42;0,05;0,15;0,01;0,03;614,29;1868,60;https://mypcards.com/riftbound/produto/302362/stand-united
Flurry of Blades;OGN;133/298;EN;NM - Quase nova;3;1,00;3,00;0,13;0,39;0,05;0,15;0,01;0,03;669,23;1868,60;https://mypcards.com/riftbound/produto/302450/flurry-of-blades
Sky Splitter;OGN;014/298;EN;NM - Quase nova;3;1,00;3,00;0,13;0,39;0,05;0,15;0,01;0,03;669,23;1868,60;https://mypcards.com/riftbound/produto/302318/sky-splitter
Forbidding Waste;UNL;210/219;EN;NM - Quase nova;3;1,00;3,00;0,19;0,57;0,05;0,15;0,01;0,03;426,32;1868,60;https://mypcards.com/riftbound/produto/322973/forbidding-waste
Facebreaker;OGN;220/298;PT;NM - Quase nova;3;1,00;3,00;0,41;1,23;0,51;1,52;0,10;0,30;143,90;96,86;https://mypcards.com/riftbound/produto/302547/facebreaker
Sinister Poro;UNL;137/219;EN;NM - Quase nova;3;1,00;3,00;0,18;0,54;0,05;0,15;0,01;0,03;455,56;1868,60;https://mypcards.com/riftbound/produto/322932/sinister-poro
Allay, Eager Admirer;UNL;041/219;EN;NM - Quase nova;3;1,00;3,00;0,27;0,81;0,05;0,15;0,01;0,03;270,37;1868,60;https://mypcards.com/riftbound/produto/323098/allay-eager-admirer
Gust;OGN;169/298;EN;NM - Quase nova;3;1,00;3,00;0,20;0,60;0,15;0,46;0,03;0,09;400,00;556,20;https://mypcards.com/riftbound/produto/302491/gust
Cull the Weak;OGN;209/298;PT;NM - Quase nova;3;1,00;3,00;0,15;0,45;0,76;2,29;0,15;0,45;566,67;31,24;https://mypcards.com/riftbound/produto/302535/cull-the-weak
Find Your Center;OGN;047/298;EN;NM - Quase nova;3;1,00;3,00;0,15;0,45;0,05;0,15;0,01;0,03;566,67;1868,60;https://mypcards.com/riftbound/produto/302356/find-your-center
Wielder of Water;OGN;055/298;EN;NM - Quase nova;3;1,00;3,00;0,15;0,45;0,05;0,15;0,01;0,03;566,67;1868,60;https://mypcards.com/riftbound/produto/302364/wielder-of-water
Clockwork Keeper;OGN;044/298;EN;NM - Quase nova;3;1,00;3,00;0,10;0,30;0,05;0,15;0,01;0,03;900,00;1868,60;https://mypcards.com/riftbound/produto/302353/clockwork-keeper
Smoke Screen;OGN;093/298;EN;NM - Quase nova;3;1,00;3,00;0,19;0,57;0,15;0,46;0,03;0,09;426,32;556,20;https://mypcards.com/riftbound/produto/302407/smoke-screen
Energy Conduit;OGN;098/298;EN;NM - Quase nova;3;1,00;3,00;0,15;0,45;0,15;0,46;0,03;0,09;566,67;556,20;https://mypcards.com/riftbound/produto/302412/energy-conduit
Watchful Sentry;OGN;096/298;PT;NM - Quase nova;3;1,00;3,00;0,10;0,30;0,15;0,46;0,03;0,09;900,00;556,20;https://mypcards.com/riftbound/produto/302410/watchful-sentry
Frozen Fortress;UNL;212/219;EN;NM - Quase nova;3;1,00;3,00;0,18;0,54;0,05;0,15;0,01;0,03;455,56;1868,60;https://mypcards.com/riftbound/produto/322964/frozen-fortress
Ripper's Bay;UNL;214/219;EN;NM - Quase nova;3;1,00;3,00;0,19;0,57;0,05;0,15;0,01;0,03;426,32;1868,60;https://mypcards.com/riftbound/produto/322963/rippers-bay
Vaults of Helia;UNL;219/219;EN;NM - Quase nova;3;1,00;3,00;0,18;0,54;0,05;0,15;0,01;0,03;455,56;1868,60;https://mypcards.com/riftbound/produto/322962/vaults-of-helia
Gardens of Becoming;UNL;213/219;EN;NM - Quase nova;3;1,00;3,00;0,18;0,54;0,05;0,15;0,01;0,03;455,56;1868,60;https://mypcards.com/riftbound/produto/322961/gardens-of-becoming
Stare Down;UNL;107/219;EN;NM - Quase nova;3;1,00;3,00;0,21;0,63;0,05;0,15;0,01;0,03;376,19;1868,60;https://mypcards.com/riftbound/produto/323052/stare-down
Yeti Brawler;UNL;018/219;EN;NM - Quase nova;3;1,00;3,00;0,20;0,60;0,05;0,15;0,01;0,03;400,00;1868,60;https://mypcards.com/riftbound/produto/323051/yeti-brawler
Gentle Gemdragon;UNL;104/219;EN;NM - Quase nova;3;1,00;3,00;0,18;0,54;0,05;0,15;0,01;0,03;455,56;1868,60;https://mypcards.com/riftbound/produto/323049/gentle-gemdragon
Star Spring;UNL;215/219;EN;NM - Quase nova;3;1,00;3,00;0,18;0,54;0,05;0,15;0,01;0,03;455,56;1868,60;https://mypcards.com/riftbound/produto/323040/star-spring
Enthralling Protector;UNL;162/219;EN;NM - Quase nova;3;1,00;3,00;0,18;0,54;0,05;0,15;0,01;0,03;455,56;1868,60;https://mypcards.com/riftbound/produto/323010/enthralling-protector
Disposal Order;UNL;103/219;EN;NM - Quase nova;3;1,00;3,00;0,18;0,54;0,05;0,15;0,01;0,03;455,56;1868,60;https://mypcards.com/riftbound/produto/323020/disposal-order
Blast Cone;UNL;133/219;EN;NM - Quase nova;3;1,00;3,00;0,18;0,54;0,05;0,15;0,01;0,03;455,56;1868,60;https://mypcards.com/riftbound/produto/323021/blast-cone
Starhound;UNL;167/219;EN;NM - Quase nova;3;1,00;3,00;0,20;0,60;0,05;0,15;0,01;0,03;400,00;1868,60;https://mypcards.com/riftbound/produto/323007/starhound
Black Flame Altar;UNL;208/219;EN;NM - Quase nova;3;1,00;3,00;0,18;0,54;0,05;0,15;0,01;0,03;455,56;1868,60;https://mypcards.com/riftbound/produto/322995/black-flame-altar
Enthusiastic Promoter;UNL;043/219;EN;NM - Quase nova;3;1,00;3,00;0,20;0,60;0,05;0,15;0,01;0,03;400,00;1868,60;https://mypcards.com/riftbound/produto/322991/enthusiastic-promoter
Scryer's Bloom;UNL;136/219;PT;NM - Quase nova;3;1,00;3,00;0,18;0,54;0,05;0,15;0,01;0,03;455,56;1868,60;https://mypcards.com/riftbound/produto/323112/scryers-bloom
Wily Newtfish;UNL;108/219;EN;NM - Quase nova;3;1,00;3,00;0,20;0,60;0,05;0,15;0,01;0,03;400,00;1868,60;https://mypcards.com/riftbound/produto/322969/wily-newtfish
Garbage Grabber;OGN;099/298;PT;NM - Quase nova;3;1,00;3,00;0,20;0,60;0,25;0,76;0,05;0,15;400,00;293,72;https://mypcards.com/riftbound/produto/302413/garbage-grabber
Crescent Strike;UNL;072/219;EN;NM - Quase nova;3;1,00;3,00;0,20;0,60;0,05;0,15;0,01;0,03;400,00;1868,60;https://mypcards.com/riftbound/produto/322918/crescent-strike
Back Off;UNL;042/219;EN;NM - Quase nova;3;1,00;3,00;0,25;0,75;0,25;0,76;0,05;0,15;300,00;293,72;https://mypcards.com/riftbound/produto/322953/back-off
Trapping Grounds;UNL;217/219;EN;NM - Quase nova;3;1,00;3,00;0,18;0,54;0,05;0,15;0,01;0,03;455,56;1868,60;https://mypcards.com/riftbound/produto/322980/trapping-grounds
The Academy;UNL;216/219;EN;NM - Quase nova;3;1,00;3,00;0,18;0,54;0,05;0,15;0,01;0,03;455,56;1868,60;https://mypcards.com/riftbound/produto/322975/the-academy
Forgotten Library;UNL;211/219;EN;NM - Quase nova;3;1,00;3,00;0,19;0,57;0,05;0,15;0,01;0,03;426,32;1868,60;https://mypcards.com/riftbound/produto/322974/forgotten-library
Angler Beast;UNL;132/219;PT;NM - Quase nova;3;1,00;3,00;0,27;0,81;0,25;0,76;0,05;0,15;270,37;293,72;https://mypcards.com/riftbound/produto/323111/angler-beast
Eager Apprentice;OGN;084/298;PT;NM - Quase nova;3;1,00;3,00;0,10;0,30;0,05;0,15;0,01;0,03;900,00;1868,60;https://mypcards.com/riftbound/produto/302397/eager-apprentice
Stealthy Pursuer;OGN;177/298;PT;NM - Quase nova;3;1,00;3,00;0,16;0,48;0,05;0,15;0,01;0,03;525,00;1868,60;https://mypcards.com/riftbound/produto/302499/stealthy-pursuer
Mushroom Pouch;OGN;101/298;PT;NM - Quase nova;3;1,00;3,00;0,10;0,30;0,05;0,15;0,01;0,03;900,00;1868,60;https://mypcards.com/riftbound/produto/302415/mushroom-pouch
Raging Soul;OGN;019/298;PT;NM - Quase nova;3;1,00;3,00;0,10;0,30;0,05;0,15;0,01;0,03;900,00;1868,60;https://mypcards.com/riftbound/produto/302323/raging-soul
Scrapyard Champion;OGN;020/298;PT;NM - Quase nova;3;1,00;3,00;0,15;0,45;0,10;0,30;0,02;0,06;566,67;884,30;https://mypcards.com/riftbound/produto/302324/scrapyard-champion
Wildclaw Shaman;OGN;147/298;PT;NM - Quase nova;3;1,00;3,00;0,13;0,39;0,05;0,15;0,01;0,03;669,23;1868,60;https://mypcards.com/riftbound/produto/302464/wildclaw-shaman
Vengeance;OGN;229/298;PT;NM - Quase nova;3;1,00;3,00;0,15;0,45;0,51;1,52;0,10;0,30;566,67;96,86;https://mypcards.com/riftbound/produto/302556/vengeance
Dangerous Duo;OGN;016/298;PT;NM - Quase nova;3;1,00;3,00;0,10;0,30;0,05;0,15;0,01;0,03;900,00;1868,60;https://mypcards.com/riftbound/produto/302320/dangerous-duo
Vanguard Armory;SFD;168/221;PT;NM - Quase nova;3;1,00;3,00;0,18;0,54;0,25;0,76;0,05;0,15;455,56;293,72;https://mypcards.com/riftbound/produto/306679/vanguard-armory
Ornn's Forge;SFD;213/221;PT;NM - Quase nova;3;1,00;3,00;0,18;0,54;0,05;0,15;0,01;0,03;455,56;1868,60;https://mypcards.com/riftbound/produto/306677/ornns-forge
Treasure Hoard;SFD;220/221;PT;NM - Quase nova;3;1,00;3,00;0,14;0,42;0,05;0,15;0,01;0,03;614,29;1868,60;https://mypcards.com/riftbound/produto/306612/treasure-hoard
Mountain Drake;OGN;142/298;PT;NM - Quase nova;3;1,00;3,00;0,18;0,54;0,15;0,46;0,03;0,09;455,56;556,20;https://mypcards.com/riftbound/produto/302459/mountain-drake
Cithria of Cloudfield;OGN;139/298;PT;NM - Quase nova;3;1,00;3,00;0,10;0,30;0,05;0,15;0,01;0,03;900,00;1868,60;https://mypcards.com/riftbound/produto/302456/cithria-of-cloudfield
Solari Chief;OGN;225/298;PT;NM - Quase nova;3;1,00;3,00;0,21;0,63;0,25;0,76;0,05;0,15;376,19;293,72;https://mypcards.com/riftbound/produto/302552/solari-chief
Pirate's Haven;OGN;143/298;PT;NM - Quase nova;3;1,00;3,00;0,19;0,57;0,15;0,46;0,03;0,09;426,32;556,20;https://mypcards.com/riftbound/produto/302460/pirates-haven
Spirit's Refuge;OGN;063/298;PT;NM - Quase nova;3;1,00;3,00;0,18;0,54;0,41;1,22;0,08;0,24;455,56;146,07;https://mypcards.com/riftbound/produto/302372/spirits-refuge
Captain Farron;OGN;015/298;PT;NM - Quase nova;3;1,00;3,00;0,15;0,45;0,15;0,46;0,03;0,09;566,67;556,20;https://mypcards.com/riftbound/produto/302319/captain-farron
Wizened Elder;OGN;065/298;PT;NM - Quase nova;3;1,00;3,00;0,13;0,39;0,05;0,15;0,01;0,03;669,23;1868,60;https://mypcards.com/riftbound/produto/302374/wizened-elder
Symbol of the Solari;OGN;227/298;PT;NM - Quase nova;3;1,00;3,00;0,14;0,42;0,05;0,15;0,01;0,03;614,29;1868,60;https://mypcards.com/riftbound/produto/302554/symbol-of-the-solari
Noxus Saboteur;OGN;018/298;PT;NM - Quase nova;3;1,00;3,00;0,20;0,60;0,15;0,46;0,03;0,09;400,00;556,20;https://mypcards.com/riftbound/produto/302322/noxus-saboteur
Vanguard Helm;OGN;228/298;PT;NM - Quase nova;3;1,00;3,00;0,14;0,42;0,05;0,15;0,01;0,03;614,29;1868,60;https://mypcards.com/riftbound/produto/302555/vanguard-helm
Whirlwind;OGN;187/298;PT;NM - Quase nova;3;1,00;3,00;0,18;0,54;0,05;0,15;0,01;0,03;455,56;1868,60;https://mypcards.com/riftbound/produto/302509/whirlwind
Peak Guardian;OGN;223/298;PT;NM - Quase nova;3;1,00;3,00;0,14;0,42;0,10;0,30;0,02;0,06;614,29;884,30;https://mypcards.com/riftbound/produto/302550/peak-guardian
Forge of the Fluft;SFD;208/221;PT;NM - Quase nova;3;1,00;3,00;0,18;0,54;0,05;0,15;0,01;0,03;455,56;1868,60;https://mypcards.com/riftbound/produto/306788/forge-of-the-fluft
Power Nexus;SFD;214/221;PT;NM - Quase nova;3;1,00;3,00;0,18;0,54;0,05;0,15;0,01;0,03;455,56;1868,60;https://mypcards.com/riftbound/produto/306622/power-nexus
Minefield;SFD;212/221;PT;NM - Quase nova;3;1,00;3,00;0,14;0,42;0,05;0,15;0,01;0,03;614,29;1868,60;https://mypcards.com/riftbound/produto/306792/minefield
Rockfall Path;SFD;216/221;PT;NM - Quase nova;3;1,00;3,00;0,14;0,42;0,05;0,15;0,01;0,03;614,29;1868,60;https://mypcards.com/riftbound/produto/306793/rockfall-path
Drag Under;SFD;164/221;PT;NM - Quase nova;3;1,00;3,00;0,14;0,42;0,25;0,76;0,05;0,15;614,29;293,72;https://mypcards.com/riftbound/produto/306681/drag-under
Legion Quartermaster;SFD;044/221;PT;NM - Quase nova;3;1,00;3,00;0,09;0,27;0,05;0,15;0,01;0,03;1011,11;1868,60;https://mypcards.com/riftbound/produto/306692/legion-quartermaster
Poro Snax;SFD;046/221;PT;NM - Quase nova;3;1,00;3,00;0,09;0,27;0,05;0,15;0,01;0,03;1011,11;1868,60;https://mypcards.com/riftbound/produto/306763/poro-snax
Unsung Hero;SFD;167/221;PT;NM - Quase nova;3;1,00;3,00;0,09;0,27;0,05;0,15;0,01;0,03;1011,11;1868,60;https://mypcards.com/riftbound/produto/306583/unsung-hero
Called Shot;SFD;122/221;PT;NM - Quase nova;3;1,00;3,00;0,09;0,27;0,05;0,15;0,01;0,03;1011,11;1868,60;https://mypcards.com/riftbound/produto/306588/called-shot
Strike Down;SFD;107/221;PT;NM - Quase nova;3;1,00;3,00;0,09;0,27;0,05;0,15;0,01;0,03;1011,11;1868,60;https://mypcards.com/riftbound/produto/306599/strike-down
Frostcoat Cub;SFD;067/221;PT;NM - Quase nova;3;1,00;3,00;0,09;0,27;0,05;0,15;0,01;0,03;1011,11;1868,60;https://mypcards.com/riftbound/produto/306631/frostcoat-cub
Marai Spire;SFD;211/221;PT;NM - Quase nova;3;1,00;3,00;0,18;0,54;0,05;0,15;0,01;0,03;455,56;1868,60;https://mypcards.com/riftbound/produto/306791/marai-spire
Sunken Temple;SFD;218/221;PT;NM - Quase nova;3;1,00;3,00;0,14;0,42;0,10;0,30;0,02;0,06;614,29;884,30;https://mypcards.com/riftbound/produto/306795/sunken-temple
Dropboarder;SFD;072/221;PT;NM - Quase nova;3;1,00;3,00;0,18;0,54;0,05;0,15;0,01;0,03;455,56;1868,60;https://mypcards.com/riftbound/produto/306778/dropboarder
Forgotten Monument;SFD;209/221;PT;NM - Quase nova;3;1,00;3,00;0,18;0,54;0,05;0,15;0,01;0,03;455,56;1868,60;https://mypcards.com/riftbound/produto/306789/forgotten-monument
Hall of Legends;SFD;210/221;PT;NM - Quase nova;3;1,00;3,00;0,19;0,57;0,05;0,15;0,01;0,03;426,32;1868,60;https://mypcards.com/riftbound/produto/306790/hall-of-legends
Rally the Troops;SFD;166/221;PT;NM - Quase nova;3;1,00;3,00;0,15;0,45;0,25;0,76;0,05;0,15;566,67;293,72;https://mypcards.com/riftbound/produto/306783/rally-the-troops
Seat of Power;SFD;217/221;PT;NM - Quase nova;3;1,00;3,00;0,14;0,42;0,05;0,15;0,01;0,03;614,29;1868,60;https://mypcards.com/riftbound/produto/306794/seat-of-power
Pickpocket;SFD;074/221;PT;NM - Quase nova;3;1,00;3,00;0,18;0,54;0,25;0,76;0,05;0,15;455,56;293,72;https://mypcards.com/riftbound/produto/306779/pickpocket
Blast Corps Cadet;SFD;013/221;PT;NM - Quase nova;3;1,00;3,00;0,09;0,27;0,05;0,15;0,01;0,03;1011,11;1868,60;https://mypcards.com/riftbound/produto/306731/blast-corps-cadet
Beast Below;SFD;132/221;PT;NM - Quase nova;3;1,00;3,00;0,09;0,27;0,05;0,15;0,01;0,03;1011,11;1868,60;https://mypcards.com/riftbound/produto/306758/beast-below
Harpoon Squad;SFD;137/221;PT;NM - Quase nova;3;1,00;3,00;0,09;0,27;0,05;0,15;0,01;0,03;1011,11;1868,60;https://mypcards.com/riftbound/produto/306762/harpoon-squad
Brutalizer;SFD;042/221;PT;NM - Quase nova;3;1,00;3,00;0,19;0,57;0,51;1,52;0,10;0,30;426,32;96,86;https://mypcards.com/riftbound/produto/306636/brutalizer
Noxus Hopeful;OGN;012/298;PT;NM - Quase nova;3;1,00;3,00;0,15;0,45;0,76;2,29;0,15;0,45;566,67;31,24;https://mypcards.com/riftbound/produto/302316/noxus-hopeful
Reaver's Row;OGN;285/298;PT;NM - Quase nova;3;1,00;3,00;0,30;0,90;0,15;0,46;0,03;0,09;233,33;556,20;https://mypcards.com/riftbound/produto/302612/reavers-row
Trifarian War Camp;OGN;294/298;PT;NM - Quase nova;3;1,00;3,00;0,35;1,05;0,76;2,29;0,15;0,45;185,71;31,24;https://mypcards.com/riftbound/produto/302621/trifarian-war-camp
Eclipse Herald;OGN;059/298;PT;NM - Quase nova;3;1,00;3,00;0,20;0,60;0,25;0,76;0,05;0,15;400,00;293,72;https://mypcards.com/riftbound/produto/302368/eclipse-herald
Iron Ballista;OGN;017/298;PT;NM - Quase nova;3;1,00;3,00;0,27;0,81;0,25;0,76;0,05;0,15;270,37;293,72;https://mypcards.com/riftbound/produto/302321/iron-ballista
The Candlelit Sanctum;OGN;291/298;PT;NM - Quase nova;3;1,00;3,00;0,45;1,35;0,76;2,29;0,15;0,45;122,22;31,24;https://mypcards.com/riftbound/produto/302618/the-candlelit-sanctum
Obelisk of Power;OGN;284/298;PT;NM - Quase nova;3;1,00;3,00;0,19;0,57;0,20;0,61;0,04;0,12;426,32;392,15;https://mypcards.com/riftbound/produto/302611/obelisk-of-power
Treasure Trove;OGN;186/298;PT;NM - Quase nova;3;1,00;3,00;0,60;1,80;0,76;2,29;0,15;0,45;66,67;31,24;https://mypcards.com/riftbound/produto/302508/treasure-trove
Sun Disc;OGN;021/298;PT;NM - Quase nova;3;1,00;3,00;0,42;1,26;0,41;1,22;0,08;0,24;138,10;146,07;https://mypcards.com/riftbound/produto/302325/sun-disc
Cemetery Attendant;OGN;165/298;PT;NM - Quase nova;3;1,00;3,00;0,14;0,42;0,05;0,15;0,01;0,03;614,29;1868,60;https://mypcards.com/riftbound/produto/302486/cemetery-attendant
Riptide Rex;OGN;092/298;PT;NM - Quase nova;3;1,00;3,00;0,10;0,30;0,05;0,15;0,01;0,03;900,00;1868,60;https://mypcards.com/riftbound/produto/302406/riptide-rex
Playful Phantom;OGN;049/298;PT;NM - Quase nova;3;1,00;3,00;0,10;0,30;0,05;0,15;0,01;0,03;900,00;1868,60;https://mypcards.com/riftbound/produto/302358/playful-phantom
Shipyard Skulker;OGN;175/298;PT;NM - Quase nova;3;1,00;3,00;0,10;0,30;0,05;0,15;0,01;0,03;900,00;1868,60;https://mypcards.com/riftbound/produto/302497/shipyard-skulker
Cruel Patron;OGN;208/298;PT;NM - Quase nova;3;1,00;3,00;0,10;0,30;0,05;0,15;0,01;0,03;900,00;1868,60;https://mypcards.com/riftbound/produto/302534/cruel-patron
Petty Officer;OGN;215/298;PT;NM - Quase nova;3;1,00;3,00;0,10;0,30;0,05;0,15;0,01;0,03;900,00;1868,60;https://mypcards.com/riftbound/produto/302542/petty-officer
Brazen Buccaneer;OGN;002/298;PT;NM - Quase nova;3;1,00;3,00;0,14;0,42;0,05;0,15;0,01;0,03;614,29;1868,60;https://mypcards.com/riftbound/produto/302305/brazen-buccaneer
Daring Poro;OGN;210/298;PT;NM - Quase nova;3;1,00;3,00;0,15;0,45;0,05;0,15;0,01;0,03;566,67;1868,60;https://mypcards.com/riftbound/produto/302536/daring-poro
Block;OGN;057/298;PT;NM - Quase nova;3;1,00;3,00;0,48;1,44;0,41;1,22;0,08;0,24;108,33;146,07;https://mypcards.com/riftbound/produto/302366/block
Void Gate;OGN;296/298;PT;NM - Quase nova;3;1,00;3,00;0,28;0,84;0,46;1,37;0,09;0,27;257,14;118,73;https://mypcards.com/riftbound/produto/302623/void-gate
Hallowed Tomb;OGN;281/298;PT;NM - Quase nova;3;1,00;3,00;0,18;0,54;0,25;0,76;0,05;0,15;455,56;293,72;https://mypcards.com/riftbound/produto/302608/hallowed-tomb
Herald of Scales;OGN;140/298;PT;NM - Quase nova;3;1,00;3,00;0,18;0,54;0,41;1,22;0,08;0,24;455,56;146,07;https://mypcards.com/riftbound/produto/302457/herald-of-scales
Portal Rescue;OGN;102/298;PT;NM - Quase nova;3;1,00;3,00;0,15;0,45;0,15;0,46;0,03;0,09;566,67;556,20;https://mypcards.com/riftbound/produto/302416/portal-rescue
Unlicensed Armory;OGN;023/298;PT;NM - Quase nova;3;1,00;3,00;0,15;0,45;0,15;0,46;0,03;0,09;566,67;556,20;https://mypcards.com/riftbound/produto/302327/unlicensed-armory
Back-Alley Bar;OGN;277/298;PT;NM - Quase nova;3;1,00;3,00;0,18;0,54;0,20;0,61;0,04;0,12;455,56;392,15;https://mypcards.com/riftbound/produto/302604/back-alley-bar
The Grand Plaza;OGN;293/298;PT;NM - Quase nova;3;1,00;3,00;0,19;0,57;0,05;0,15;0,01;0,03;426,32;1868,60;https://mypcards.com/riftbound/produto/302620/the-grand-plaza
Gemcraft Seer;OGN;100/298;PT;NM - Quase nova;3;1,00;3,00;0,14;0,42;0,10;0,30;0,02;0,06;614,29;884,30;https://mypcards.com/riftbound/produto/302414/gemcraft-seer
Sigil of the Storm;OGN;287/298;PT;NM - Quase nova;3;1,00;3,00;0,39;1,17;0,51;1,52;0,10;0,30;156,41;96,86;https://mypcards.com/riftbound/produto/302614/sigil-of-the-storm
Aspirant's Climb;OGN;276/298;PT;NM - Quase nova;3;1,00;3,00;0,15;0,45;0,61;1,83;0,12;0,36;566,67;64,05;https://mypcards.com/riftbound/produto/302603/aspirants-climb
Reckoner's Arena;OGN;286/298;PT;NM - Quase nova;3;1,00;3,00;0,13;0,39;0,20;0,61;0,04;0,12;669,23;392,15;https://mypcards.com/riftbound/produto/302613/reckoners-arena
Spoils of War;OGN;144/298;PT;NM - Quase nova;3;1,00;3,00;0,14;0,42;0,05;0,15;0,01;0,03;614,29;1868,60;https://mypcards.com/riftbound/produto/302461/spoils-of-war
Void Seeker;OGN;024/298;PT;NM - Quase nova;3;1,00;3,00;0,35;1,05;0,46;1,37;0,09;0,27;185,71;118,73;https://mypcards.com/riftbound/produto/302328/void-seeker
Poro Herder;OGN;061/298;PT;NM - Quase nova;3;1,00;3,00;0,24;0,72;0,05;0,15;0,01;0,03;316,67;1868,60;https://mypcards.com/riftbound/produto/302370/poro-herder
The Syren;OGN;184/298;PT;NM - Quase nova;3;1,00;3,00;0,18;0,54;0,51;1,52;0,10;0,30;455,56;96,86;https://mypcards.com/riftbound/produto/302506/the-syren
Bandle Tree;OGN;278/298;PT;NM - Quase nova;3;1,00;3,00;0,20;0,60;0,30;0,91;0,06;0,18;400,00;228,10;https://mypcards.com/riftbound/produto/302605/bandle-tree
Navori Fighting Pit;OGN;283/298;PT;NM - Quase nova;3;1,00;3,00;0,19;0,57;0,15;0,46;0,03;0,09;426,32;556,20;https://mypcards.com/riftbound/produto/302610/navori-fighting-pit
Spectral Matron;OGN;226/298;PT;NM - Quase nova;3;1,00;3,00;0,35;1,05;0,76;2,29;0,15;0,45;185,71;31,24;https://mypcards.com/riftbound/produto/302553/spectral-matron
Altar to Unity;OGN;275/298;PT;NM - Quase nova;3;1,00;3,00;0,19;0,57;0,05;0,15;0,01;0,03;426,32;1868,60;https://mypcards.com/riftbound/produto/302602/altar-to-unity
Wallop;OGN;146/298;PT;NM - Quase nova;3;1,00;3,00;0,18;0,54;0,20;0,61;0,04;0,12;455,56;392,15;https://mypcards.com/riftbound/produto/302463/wallop
Factory Recall;SFD;135/221;PT;NM - Quase nova;3;1,00;3,00;0,10;0,30;0,05;0,15;0,01;0,03;900,00;1868,60;https://mypcards.com/riftbound/produto/306760/factory-recall
Petricite Monument;SFD;104/221;PT;NM - Quase nova;3;1,00;3,00;0,09;0,27;0,05;0,15;0,01;0,03;1011,11;1868,60;https://mypcards.com/riftbound/produto/306803/petricite-monument
Laurent Duelist;SFD;156/221;PT;NM - Quase nova;3;1,00;3,00;0,08;0,24;0,05;0,15;0,01;0,03;1150,00;1868,60;https://mypcards.com/riftbound/produto/306769/laurent-duelist
Gearhead;SFD;068/221;PT;NM - Quase nova;3;1,00;3,00;0,08;0,24;0,05;0,15;0,01;0,03;1150,00;1868,60;https://mypcards.com/riftbound/produto/306774/gearhead
Doran's Shield;SFD;033/221;PT;NM - Quase nova;3;1,00;3,00;0,04;0,12;0,05;0,15;0,01;0,03;2400,00;1868,60;https://mypcards.com/riftbound/produto/306534/dorans-shield
Treasure Hunter;SFD;130/221;PT;NM - Quase nova;3;1,00;3,00;0,09;0,27;0,05;0,15;0,01;0,03;1011,11;1868,60;https://mypcards.com/riftbound/produto/306580/treasure-hunter
Windsinger;SFD;138/221;PT;NM - Quase nova;3;1,00;3,00;0,04;0,12;0,05;0,15;0,01;0,03;2400,00;1868,60;https://mypcards.com/riftbound/produto/306603/windsinger
Royal Entourage;SFD;039/221;PT;NM - Quase nova;3;1,00;3,00;0,09;0,27;0,05;0,15;0,01;0,03;1011,11;1868,60;https://mypcards.com/riftbound/produto/306625/royal-entourage
Chemtech Cask;SFD;063/221;PT;NM - Quase nova;3;1,00;3,00;0,09;0,27;0,05;0,15;0,01;0,03;1011,11;1868,60;https://mypcards.com/riftbound/produto/306646/chemtech-cask
Aspiring Engineer;SFD;061/221;PT;NM - Quase nova;3;1,00;3,00;0,09;0,27;0,05;0,15;0,01;0,03;1011,11;1868,60;https://mypcards.com/riftbound/produto/306676/aspiring-engineer
Hexdrinker;SFD;102/221;PT;NM - Quase nova;3;1,00;3,00;0,09;0,27;0,05;0,15;0,01;0,03;1011,11;1868,60;https://mypcards.com/riftbound/produto/306802/hexdrinker
Zaun Punk;SFD;160/221;PT;NM - Quase nova;3;1,00;3,00;0,09;0,27;0,05;0,15;0,01;0,03;1011,11;1868,60;https://mypcards.com/riftbound/produto/306777/zaun-punk
Wages of Pain;SFD;070/221;PT;NM - Quase nova;3;1,00;3,00;0,09;0,27;0,05;0,15;0,01;0,03;1011,11;1868,60;https://mypcards.com/riftbound/produto/306776/wages-of-pain
Eminent Benefactor;SFD;152/221;PT;NM - Quase nova;3;1,00;3,00;0,09;0,27;0,05;0,15;0,01;0,03;1011,11;1868,60;https://mypcards.com/riftbound/produto/306766/eminent-benefactor
Temporal Portal;SFD;078/221;PT;NM - Quase nova;3;1,00;3,00;0,09;0,27;0,05;0,15;0,01;0,03;1011,11;1868,60;https://mypcards.com/riftbound/produto/306781/temporal-portal
Combat Chef;SFD;092/221;PT;NM - Quase nova;3;1,00;3,00;0,10;0,30;0,05;0,15;0,01;0,03;900,00;1868,60;https://mypcards.com/riftbound/produto/306786/combat-chef
Emperor's Dais;SFD;207/221;PT;NM - Quase nova;3;1,00;3,00;0,10;0,30;0,05;0,15;0,01;0,03;900,00;1868,60;https://mypcards.com/riftbound/produto/306787/emperors-dais
Sea Monkey;SFD;098/221;PT;NM - Quase nova;3;1,00;3,00;0,09;0,27;0,05;0,15;0,01;0,03;1011,11;1868,60;https://mypcards.com/riftbound/produto/306800/sea-monkey
Eye of the Herald;SFD;153/221;PT;NM - Quase nova;3;1,00;3,00;0,09;0,27;0,05;0,15;0,01;0,03;1011,11;1868,60;https://mypcards.com/riftbound/produto/306767/eye-of-the-herald
Guards!;SFD;154/221;PT;NM - Quase nova;3;1,00;3,00;0,09;0,27;0,05;0,15;0,01;0,03;1011,11;1868,60;https://mypcards.com/riftbound/produto/306768/guards
Sandshifter;SFD;158/221;PT;NM - Quase nova;3;1,00;3,00;0,09;0,27;0,05;0,15;0,01;0,03;1011,11;1868,60;https://mypcards.com/riftbound/produto/306772/sandshifter
Armed Assailant;SFD;002/221;PT;NM - Quase nova;3;1,00;3,00;0,09;0,27;0,05;0,15;0,01;0,03;1011,11;1868,60;https://mypcards.com/riftbound/produto/306719/armed-assailant
Blood Rush;SFD;003/221;PT;NM - Quase nova;3;1,00;3,00;0,09;0,27;0,05;0,15;0,01;0,03;1011,11;1868,60;https://mypcards.com/riftbound/produto/306721/blood-rush
Eager Drakehound;SFD;006/221;PT;NM - Quase nova;3;1,00;3,00;0,09;0,27;0,05;0,15;0,01;0,03;1011,11;1868,60;https://mypcards.com/riftbound/produto/306724/eager-drakehound
Vanguard Sergeant;OGN;219/298;PT;NM - Quase nova;3;1,00;3,00;0,13;0,39;0,05;0,15;0,01;0,03;669,23;1868,60;https://mypcards.com/riftbound/produto/302546/vanguard-sergeant
Cannon Barrage;OGN;127/298;PT;NM - Quase nova;3;1,00;3,00;0,15;0,45;0,05;0,15;0,01;0,03;566,67;1868,60;https://mypcards.com/riftbound/produto/302444/cannon-barrage
Pit Crew;OGN;091/298;PT;NM - Quase nova;3;1,00;3,00;0,13;0,39;0,05;0,15;0,01;0,03;669,23;1868,60;https://mypcards.com/riftbound/produto/302405/pit-crew
Upstage Comedy;UNL;009/219;EN;NM - Quase nova;3;1,00;3,00;0,18;0,54;0,05;0,15;0,01;0,03;455,56;1868,60;https://mypcards.com/riftbound/produto/322879/upstage-comedy
Lotus Trap;UNL;013/219;PT;NM - Quase nova;3;1,00;3,00;0,18;0,54;0,05;0,15;0,01;0,03;455,56;1868,60;https://mypcards.com/riftbound/produto/323025/lotus-trap
Plundering Poro;SFD;069/221;PT;NM - Quase nova;3;1,00;3,00;0,09;0,27;0,05;0,15;0,01;0,03;1011,11;1868,60;https://mypcards.com/riftbound/produto/306573/plundering-poro
Forecaster;SFD;065/221;PT;NM - Quase nova;3;1,00;3,00;0,09;0,27;0,05;0,15;0,01;0,03;1011,11;1868,60;https://mypcards.com/riftbound/produto/306771/forecaster
Cloth Armor;SFD;064/221;PT;NM - Quase nova;3;1,00;3,00;0,05;0,15;0,05;0,15;0,01;0,03;1900,00;1868,60;https://mypcards.com/riftbound/produto/306770/cloth-armor
Ancient Warmonger;SFD;131/221;PT;NM - Quase nova;3;1,00;3,00;0,04;0,12;0,05;0,15;0,01;0,03;2400,00;1868,60;https://mypcards.com/riftbound/produto/306756/ancient-warmonger
Sentinel Adept;SFD;008/221;PT;NM - Quase nova;3;1,00;3,00;0,05;0,15;0,05;0,15;0,01;0,03;1900,00;1868,60;https://mypcards.com/riftbound/produto/306726/sentinel-adept
Ribbon Dancer;SFD;038/221;PT;NM - Quase nova;3;1,00;3,00;0,09;0,27;0,05;0,15;0,01;0,03;1011,11;1868,60;https://mypcards.com/riftbound/produto/306757/ribbon-dancer
Simian Ancestor;SFD;047/221;PT;NM - Quase nova;3;1,00;3,00;0,09;0,27;0,05;0,15;0,01;0,03;1011,11;1868,60;https://mypcards.com/riftbound/produto/306764/simian-ancestor
Veiled Temple;SFD;221/221;PT;NM - Quase nova;3;1,00;3,00;0,04;0,12;0,05;0,15;0,01;0,03;2400,00;1868,60;https://mypcards.com/riftbound/produto/306797/veiled-temple
Laurent Bladekeeper;SFD;096/221;PT;NM - Quase nova;3;1,00;3,00;0,09;0,27;0,05;0,15;0,01;0,03;1011,11;1868,60;https://mypcards.com/riftbound/produto/306799/laurent-bladekeeper
Recurve Bow;SFD;016/221;PT;NM - Quase nova;3;1,00;3,00;0,09;0,27;0,05;0,15;0,01;0,03;1011,11;1868,60;https://mypcards.com/riftbound/produto/306734/recurve-bow
Corrupt Enforcer;SFD;123/221;PT;NM - Quase nova;3;1,00;3,00;0,09;0,27;0,05;0,15;0,01;0,03;1011,11;1868,60;https://mypcards.com/riftbound/produto/306749/corrupt-enforcer
Master Bingwen;SFD;127/221;PT;NM - Quase nova;3;1,00;3,00;0,09;0,27;0,05;0,15;0,01;0,03;1011,11;1868,60;https://mypcards.com/riftbound/produto/306753/master-bingwen
Temptation;SFD;129/221;PT;NM - Quase nova;3;1,00;3,00;0,09;0,27;0,05;0,15;0,01;0,03;1011,11;1868,60;https://mypcards.com/riftbound/produto/306755/temptation
Mega-Mech;OGN;088/298;PT;NM - Quase nova;3;1,00;3,00;0,10;0,30;0,05;0,15;0,01;0,03;900,00;1868,60;https://mypcards.com/riftbound/produto/302401/mega-mech
Bubble Bot;SFD;062/221;PT;NM - Quase nova;3;1,00;3,00;0,09;0,27;0,05;0,15;0,01;0,03;1011,11;1868,60;https://mypcards.com/riftbound/produto/306645/bubble-bot
Doran's Blade;SFD;095/221;PT;NM - Quase nova;3;1,00;3,00;0,14;0,42;0,05;0,15;0,01;0,03;614,29;1868,60;https://mypcards.com/riftbound/produto/306550/dorans-blade
Buhru Captain;SFD;091/221;PT;NM - Quase nova;3;1,00;3,00;0,10;0,30;0,05;0,15;0,01;0,03;900,00;1868,60;https://mypcards.com/riftbound/produto/306586/buhru-captain
Serrated Dirk;SFD;009/221;PT;NM - Quase nova;3;1,00;3,00;0,09;0,27;0,05;0,15;0,01;0,03;1011,11;1868,60;https://mypcards.com/riftbound/produto/306728/serrated-dirk
Minotaur Reckoner;SFD;014/221;PT;NM - Quase nova;3;1,00;3,00;0,09;0,27;0,05;0,15;0,01;0,03;1011,11;1868,60;https://mypcards.com/riftbound/produto/306732/minotaur-reckoner
Black Market Broker;SFD;121/221;PT;NM - Quase nova;3;1,00;3,00;0,09;0,27;0,05;0,15;0,01;0,03;1011,11;1868,60;https://mypcards.com/riftbound/produto/306743/black-market-broker
Blood Money;SFD;162/221;PT;NM - Quase nova;3;1,00;3,00;0,14;0,42;0,20;0,61;0,04;0,12;614,29;392,15;https://mypcards.com/riftbound/produto/306780/blood-money
Void Drone;SFD;010/221;PT;NM - Quase nova;3;1,00;3,00;0,09;0,27;0,05;0,15;0,01;0,03;1011,11;1868,60;https://mypcards.com/riftbound/produto/306615/void-drone
Void Hatchling;SFD;018/221;PT;NM - Quase nova;3;1,00;3,00;0,09;0,27;0,05;0,15;0,01;0,03;1011,11;1868,60;https://mypcards.com/riftbound/produto/306620/void-hatchling
Direwing;SFD;094/221;PT;NM - Quase nova;3;1,00;3,00;0,14;0,42;0,05;0,15;0,01;0,03;614,29;1868,60;https://mypcards.com/riftbound/produto/306798/direwing
Bushwack;SFD;004/221;PT;NM - Quase nova;3;1,00;3,00;0,09;0,27;0,05;0,15;0,01;0,03;1011,11;1868,60;https://mypcards.com/riftbound/produto/306722/bushwack
Yordle Explorer;SFD;100/221;PT;NM - Quase nova;3;1,00;3,00;0,09;0,27;0,05;0,15;0,01;0,03;1011,11;1868,60;https://mypcards.com/riftbound/produto/306655/yordle-explorer
Prize of Progress;SFD;075/221;PT;NM - Quase nova;3;1,00;3,00;0,09;0,27;0,05;0,15;0,01;0,03;1011,11;1868,60;https://mypcards.com/riftbound/produto/306649/prize-of-progress
Apprentice Smith;SFD;041/221;PT;NM - Quase nova;3;1,00;3,00;0,09;0,27;0,10;0,30;0,02;0,06;1011,11;884,30;https://mypcards.com/riftbound/produto/306691/apprentice-smith
Sudden Storm;SFD;017/221;PT;NM - Quase nova;3;1,00;3,00;0,14;0,42;0,05;0,15;0,01;0,03;614,29;1868,60;https://mypcards.com/riftbound/produto/306736/sudden-storm
Fae Porter;SFD;125/221;PT;NM - Quase nova;3;1,00;3,00;0,09;0,27;0,05;0,15;0,01;0,03;1011,11;1868,60;https://mypcards.com/riftbound/produto/306751/fae-porter
Trusty Ramhound;SFD;159/221;PT;NM - Quase nova;3;1,00;3,00;0,09;0,27;0,05;0,15;0,01;0,03;1011,11;1868,60;https://mypcards.com/riftbound/produto/306775/trusty-ramhound
Show of Strength;SFD;106/221;PT;NM - Quase nova;3;1,00;3,00;0,09;0,27;0,10;0,30;0,02;0,06;1011,11;884,30;https://mypcards.com/riftbound/produto/306804/show-of-strength
Experimental Hexplate;SFD;073/221;PT;NM - Quase nova;3;1,00;3,00;0,18;0,54;0,05;0,15;0,01;0,03;455,56;1868,60;https://mypcards.com/riftbound/produto/306648/experimental-hexplate
Ruin Runner;SFD;105/221;PT;NM - Quase nova;3;1,00;3,00;0,19;0,57;0,41;1,22;0,08;0,24;426,32;146,07;https://mypcards.com/riftbound/produto/306694/ruin-runner
Thwonk!;SFD;040/221;PT;NM - Quase nova;3;1,00;3,00;0,14;0,42;0,05;0,15;0,01;0,03;614,29;1868,60;https://mypcards.com/riftbound/produto/306635/thwonk
Pakaa Cub;OGN;135/298;PT;NM - Quase nova;3;1,00;3,00;0,15;0,45;0,05;0,15;0,01;0,03;566,67;1868,60;https://mypcards.com/riftbound/produto/302452/pakaa-cub
Detonate;SFD;005/221;PT;NM - Quase nova;3;1,00;3,00;0,09;0,27;0,05;0,15;0,01;0,03;1011,11;1868,60;https://mypcards.com/riftbound/produto/306723/detonate
Against the Odds;SFD;001/221;PT;NM - Quase nova;3;1,00;3,00;0,09;0,27;0,05;0,15;0,01;0,03;1011,11;1868,60;https://mypcards.com/riftbound/produto/306618/against-the-odds
Breakneck Mech;SFD;071/221;PT;NM - Quase nova;3;1,00;3,00;0,09;0,27;0,05;0,15;0,01;0,03;1011,11;1868,60;https://mypcards.com/riftbound/produto/306647/breakneck-mech
Guardian of the Passage;SFD;035/221;PT;NM - Quase nova;3;1,00;3,00;0,09;0,27;0,05;0,15;0,01;0,03;1011,11;1868,60;https://mypcards.com/riftbound/produto/306689/guardian-of-the-passage
Lonely Poro;SFD;036/221;PT;NM - Quase nova;3;1,00;3,00;0,09;0,27;0,05;0,15;0,01;0,03;1011,11;1868,60;https://mypcards.com/riftbound/produto/306690/lonely-poro
Angle Shot;SFD;011/221;PT;NM - Quase nova;3;1,00;3,00;0,09;0,27;0,05;0,15;0,01;0,03;1011,11;1868,60;https://mypcards.com/riftbound/produto/306729/angle-shot
Battering Ram;SFD;012/221;PT;NM - Quase nova;3;1,00;3,00;0,09;0,27;0,05;0,15;0,01;0,03;1011,11;1868,60;https://mypcards.com/riftbound/produto/306730/battering-ram
Perched Grimwyrm;SFD;015/221;PT;NM - Quase nova;3;1,00;3,00;0,09;0,27;0,05;0,15;0,01;0,03;1011,11;1868,60;https://mypcards.com/riftbound/produto/306733/perched-grimwyrm
Desert's Call;SFD;031/221;PT;NM - Quase nova;3;1,00;3,00;0,09;0,27;0,05;0,15;0,01;0,03;1011,11;1868,60;https://mypcards.com/riftbound/produto/306752/deserts-call
Navori Scout;SFD;037/221;PT;NM - Quase nova;3;1,00;3,00;0,04;0,12;0,05;0,15;0,01;0,03;2400,00;1868,60;https://mypcards.com/riftbound/produto/306754/navori-scout
Loyal Pup;SFD;126/221;PT;NM - Quase nova;3;1,00;3,00;0,09;0,27;0,05;0,15;0,01;0,03;1011,11;1868,60;https://mypcards.com/riftbound/produto/306601/loyal-pup
Warmog's Armor;SFD;108/221;PT;NM - Quase nova;3;1,00;3,00;0,09;0,27;0,05;0,15;0,01;0,03;1011,11;1868,60;https://mypcards.com/riftbound/produto/306591/warmogs-armor
Jaull-Fish;SFD;103/221;PT;NM - Quase nova;3;1,00;3,00;0,09;0,27;0,05;0,15;0,01;0,03;1011,11;1868,60;https://mypcards.com/riftbound/produto/306587/jaull-fish
Overzealous Fan;SFD;128/221;PT;NM - Quase nova;3;1,00;3,00;0,08;0,24;0,05;0,15;0,01;0,03;1150,00;1868,60;https://mypcards.com/riftbound/produto/306540/overzealous-fan
Feral Strength;SFD;034/221;PT;NM - Quase nova;3;1,00;3,00;0,09;0,27;0,05;0,15;0,01;0,03;1011,11;1868,60;https://mypcards.com/riftbound/produto/306543/feral-strength
Doran's Ring;SFD;124/221;PT;NM - Quase nova;3;1,00;3,00;0,09;0,27;0,05;0,15;0,01;0,03;1011,11;1868,60;https://mypcards.com/riftbound/produto/306553/dorans-ring
Veteran Poro;SFD;099/221;PT;NM - Quase nova;3;1,00;3,00;0,08;0,24;0,05;0,15;0,01;0,03;1150,00;1868,60;https://mypcards.com/riftbound/produto/306584/veteran-poro
Dauntless Vanguard;SFD;093/221;PT;NM - Quase nova;3;1,00;3,00;0,14;0,42;0,05;0,15;0,01;0,03;614,29;1868,60;https://mypcards.com/riftbound/produto/306585/dauntless-vanguard
Royal Guard;SFD;157/221;PT;NM - Quase nova;3;1,00;3,00;0,08;0,24;0,05;0,15;0,01;0,03;1150,00;1868,60;https://mypcards.com/riftbound/produto/306682/royal-guard
Bonds of Strength;SFD;151/221;PT;NM - Quase nova;3;1,00;3,00;0,08;0,24;0,05;0,15;0,01;0,03;1150,00;1868,60;https://mypcards.com/riftbound/produto/306683/bonds-of-strength
Production Surge;SFD;076/221;PT;NM - Quase nova;3;1,00;3,00;0,09;0,27;0,05;0,15;0,01;0,03;1011,11;1868,60;https://mypcards.com/riftbound/produto/306686/production-surge
Disarming Rake;SFD;032/221;PT;NM - Quase nova;3;1,00;3,00;0,09;0,27;0,05;0,15;0,01;0,03;1011,11;1868,60;https://mypcards.com/riftbound/produto/306688/disarming-rake
Cull;SFD;134/221;PT;NM - Quase nova;3;1,00;3,00;0,09;0,27;0,05;0,15;0,01;0,03;1011,11;1868,60;https://mypcards.com/riftbound/produto/306759/cull
Wraith of Echoes;OGN;118/298;EN;NM - Quase nova;1;2,00;2,00;0,49;0,49;0,05;0,05;0,01;0,01;308,16;3837,20;https://mypcards.com/riftbound/produto/302433/wraith-of-echoes
Overt Operation;OGN;153/298;EN;NM - Quase nova;1;2,00;2,00;0,40;0,40;0,41;0,41;0,08;0,08;400,00;392,15;https://mypcards.com/riftbound/produto/302471/overt-operation
Tricksy Tentacles;UNL;054/219;EN;NM - Quase nova;1;2,00;2,00;0,70;0,70;0,05;0,05;0,01;0,01;185,71;3837,20;https://mypcards.com/riftbound/produto/323017/tricksy-tentacles
Sprite Queen;UNL;084/219;EN;NM - Quase nova;1;2,00;2,00;0,90;0,90;0,05;0,05;0,01;0,01;122,22;3837,20;https://mypcards.com/riftbound/produto/323056/sprite-queen
Marching Orders;SFD;114/221;EN;NM - Quase nova;1;2,00;2,00;0,18;0,18;0,05;0,05;0,01;0,01;1011,11;3837,20;https://mypcards.com/riftbound/produto/306675/marching-orders
Flurry of Feathers;UNL;044/219;EN;NM - Quase nova;2;1,00;2,00;0,25;0,50;0,36;0,71;0,07;0,14;300,00;181,23;https://mypcards.com/riftbound/produto/323089/flurry-of-feathers
Amateur Recital;UNL;207/219;PT;NM - Quase nova;2;1,00;2,00;0,18;0,36;0,05;0,10;0,01;0,02;455,56;1868,60;https://mypcards.com/riftbound/produto/323086/amateur-recital
Vault Breaker;UNL;010/219;PT;NM - Quase nova;2;1,00;2,00;0,18;0,36;0,05;0,10;0,01;0,02;455,56;1868,60;https://mypcards.com/riftbound/produto/323053/vault-breaker
Get Excited!;OGN;008/298;EN;NM - Quase nova;2;1,00;2,00;0,10;0,20;0,05;0,10;0,01;0,02;900,00;1868,60;https://mypcards.com/riftbound/produto/302312/get-excited
Ravenbloom Student;OGN;103/298;EN;NM - Quase nova;2;1,00;2,00;0,20;0,40;0,51;1,02;0,10;0,20;400,00;96,86;https://mypcards.com/riftbound/produto/302417/ravenbloom-student
Consult the Past;OGN;083/298;EN;NM - Quase nova;2;1,00;2,00;0,19;0,38;0,25;0,51;0,05;0,10;426,32;293,72;https://mypcards.com/riftbound/produto/302396/consult-the-past
Dusk Rose Lab;UNL;209/219;EN;NM - Quase nova;2;1,00;2,00;0,18;0,36;0,05;0,10;0,01;0,02;455,56;1868,60;https://mypcards.com/riftbound/produto/322972/dusk-rose-lab
Stellacorn Herder;SFD;048/221;PT;NM - Quase nova;2;1,00;2,00;0,25;0,50;1,27;2,54;0,25;0,50;300,00;-21,26;https://mypcards.com/riftbound/produto/306619/stellacorn-herder
Vilemaw's Lair;OGN;295/298;PT;NM - Quase nova;2;1,00;2,00;0,40;0,80;0,46;0,91;0,09;0,18;150,00;118,73;https://mypcards.com/riftbound/produto/302622/vilemaws-lair
Windswept Hillock;OGN;297/298;PT;NM - Quase nova;2;1,00;2,00;0,35;0,70;0,76;1,52;0,15;0,30;185,71;31,24;https://mypcards.com/riftbound/produto/302624/windswept-hillock
Startipped Peak;OGN;288/298;PT;NM - Quase nova;2;1,00;2,00;0,33;0,66;0,10;0,20;0,02;0,04;203,03;884,30;https://mypcards.com/riftbound/produto/302615/startipped-peak
Monastery of Hirana;OGN;282/298;PT;NM - Quase nova;2;1,00;2,00;0,43;0,86;0,41;0,81;0,08;0,16;132,56;146,07;https://mypcards.com/riftbound/produto/302609/monastery-of-hirana
The Dreaming Tree;OGN;292/298;PT;NM - Quase nova;2;1,00;2,00;0,40;0,80;0,46;0,91;0,09;0,18;150,00;118,73;https://mypcards.com/riftbound/produto/302619/the-dreaming-tree
Fortified Position;OGN;279/298;PT;NM - Quase nova;2;1,00;2,00;0,30;0,60;0,51;1,02;0,10;0,20;233,33;96,86;https://mypcards.com/riftbound/produto/302606/fortified-position
Zaun Warrens;OGN;298/298;PT;NM - Quase nova;2;1,00;2,00;0,30;0,60;0,41;0,81;0,08;0,16;233,33;146,07;https://mypcards.com/riftbound/produto/302625/zaun-warrens
Targon's Peak;OGN;289/298;PT;NM - Quase nova;2;1,00;2,00;0,20;0,40;0,25;0,51;0,05;0,10;400,00;293,72;https://mypcards.com/riftbound/produto/302616/targons-peak
Frigid Touch;SFD;066/221;PT;NM - Quase nova;2;1,00;2,00;0,09;0,18;0,05;0,10;0,01;0,02;1011,11;1868,60;https://mypcards.com/riftbound/produto/306773/frigid-touch
Orb of Regret;OGN;090/298;PT;NM - Quase nova;2;1,00;2,00;0,10;0,20;0,05;0,10;0,01;0,02;900,00;1868,60;https://mypcards.com/riftbound/produto/302404/orb-of-regret
Honest Broker;SFD;155/221;PT;NM - Quase nova;2;1,00;2,00;0,14;0,28;0,10;0,20;0,02;0,04;614,29;884,30;https://mypcards.com/riftbound/produto/306581/honest-broker
Mobilize;OGN;134/298;EN;NM - Quase nova;1;1,00;1,00;0,10;0,10;0,05;0,05;0,01;0,01;900,00;1868,60;https://mypcards.com/riftbound/produto/302451/mobilize
Rune Prison;OGN;050/298;EN;NM - Quase nova;1;1,00;1,00;0,18;0,18;0,05;0,05;0,01;0,01;455,56;1868,60;https://mypcards.com/riftbound/produto/302359/rune-prison
Shadow's Call;UNL;165/219;EN;NM - Quase nova;1;1,00;1,00;0,45;0,45;0,20;0,20;0,04;0,04;122,22;392,15;https://mypcards.com/riftbound/produto/322988/shadows-call
Existential Dread;UNL;134/219;EN;NM - Quase nova;1;1,00;1,00;0,27;0,27;0,46;0,46;0,09;0,09;270,37;118,73;https://mypcards.com/riftbound/produto/322971/existential-dread
Ravenbloom Conservatory;SFD;215/221;PT;NM - Quase nova;1;1,00;1,00;0,18;0,18;0,10;0,10;0,02;0,02;455,56;884,30;https://mypcards.com/riftbound/produto/306628/ravenbloom-conservatory
The Arena's Greatest;OGN;290/298;PT;NM - Quase nova;1;1,00;1,00;0,45;0,45;1,02;1,02;0,20;0,20;122,22;-1,57;https://mypcards.com/riftbound/produto/302617/the-arenas-greatest
The Papertree;SFD;219/221;PT;NM - Quase nova;1;1,00;1,00;0,09;0,09;0,05;0,05;0,01;0,01;1011,11;1868,60;https://mypcards.com/riftbound/produto/306796/the-papertree
Arena Bar;OGN;124/298;PT;NM - Quase nova;1;1,00;1,00;0,10;0,10;0,05;0,05;0,01;0,01;900,00;1868,60;https://mypcards.com/riftbound/produto/302440/arena-bar
Fae Dragon;SFD;101/221;PT;NM - Quase nova;1;1,00;1,00;0,09;0,09;0,05;0,05;0,01;0,01;1011,11;1868,60;https://mypcards.com/riftbound/produto/306801/fae-dragon
TOTAL;;;;;1648;;24504,00;;16256,38;;13592,05;;2675,73;;;
